,empty-1/base,,,,,,empty-1/base-heur,,,,,,empty-1/max-1000-step-1000-size-50-deg-10,,,,,,empty-1/max-1000-step-1000-size-50-deg-10-heur,,,,,,empty-1/max-1500-step-1500-size-50-deg-10,,,,,,empty-1/max-1500-step-1500-size-50-deg-10-heur,,,,,,empty-1/max-500-step-500-size-50-deg-10,,,,,,empty-1/max-500-step-500-size-50-deg-10-heur,,,,,,empty-1/max-1000-step-1000-size-50-deg-10-lbd-3,,,,,,empty-1/max-1000-step-1000-size-50-deg-10-lbd-3-heur,,,,,,empty-1/max-1000-step-1000-size-50-deg-10-lbd-5,,,,,,empty-1/max-1000-step-1000-size-50-deg-10-lbd-5-heur,,,,,,min,,,,,,median,,,,,,max,,,,,
,time,ctime,choices,conflicts,mem,ngadded,time,ctime,choices,conflicts,mem,ngadded,time,ctime,choices,conflicts,mem,ngadded,time,ctime,choices,conflicts,mem,ngadded,time,ctime,choices,conflicts,mem,ngadded,time,ctime,choices,conflicts,mem,ngadded,time,ctime,choices,conflicts,mem,ngadded,time,ctime,choices,conflicts,mem,ngadded,time,ctime,choices,conflicts,mem,ngadded,time,ctime,choices,conflicts,mem,ngadded,time,ctime,choices,conflicts,mem,ngadded,time,ctime,choices,conflicts,mem,ngadded,time,ctime,choices,conflicts,mem,ngadded,time,ctime,choices,conflicts,mem,ngadded,time,ctime,choices,conflicts,mem,ngadded
blocks-strips-typed/instances/instance-22.lp,3.67,3.166,4504,2454,81,0,7.26,6.874,29700,4844,101,0,4.43,3.678,4456,2805,97,659,47.22,5.425,17219,4405,259,104,4.18,3.556,4468,2801,88,502,6.08,5.737,20860,4743,102,117,3.68,3.203,4510,2840,81,302,5.57,5.258,20336,4741,101,66,3.58,3.124,3791,2240,81,203,6.17,5.861,23127,5515,102,58,3.86,3.302,3731,2427,81,359,5.8,5.474,21660,4656,101,75,3.58,3.124,3731,2240,81,0,5,4.468,10864.5,3622.5,99,110.5,47.22,6.874,29700,5515,259,659
blocks-strips-typed/instances/instance-24.lp,3.05,2.664,2052,1001,74,0,3.31,3.002,9807,769,77,0,2.93,2.592,1251,506,75,118,21.25,2.987,3010,651,156,85,2.95,2.605,1251,506,71,118,3.08,2.793,2968,617,77,81,2.76,2.455,1251,506,71,118,3.02,2.712,2973,617,74,70,2.86,2.551,1293,535,70,82,3.34,2.923,3436,634,73,56,2.92,2.6,1251,506,75,114,3.08,2.787,2968,617,77,75,2.76,2.455,1251,506,70,0,3.035,2.688,2510,617,74.5,81.5,21.25,3.002,9807,1001,156,118
blocks-strips-typed/instances/instance-25.lp,3.83,3.369,2720,1226,92,0,4.11,3.772,8973,713,94,0,4.15,3.691,2886,1720,95,299,24.72,3.534,2492,511,186,72,4.54,4.055,2886,1720,96,299,3.75,3.419,5577,527,91,62,4.09,3.566,2575,1413,94,222,3.66,3.339,5577,527,89,62,4.08,3.595,2538,1367,92,193,3.8,3.483,7094,578,92,41,4.03,3.518,2223,1183,94,290,3.66,3.34,5577,527,89,54,3.66,3.339,2223,511,89,0,4.055,3.526,2886,948,93,67,24.72,4.055,8973,1720,186,299
blocks-strips-typed/instances/instance-26.lp,3.64,3.223,1946,846,88,0,3.83,3.512,9180,472,91,0,3.82,3.384,1477,791,93,205,18.38,3.331,6404,371,141,57,3.67,3.25,1477,791,92,205,3.79,3.47,6000,412,92,52,3.73,3.306,1419,735,92,190,3.62,3.292,6000,412,91,52,3.65,3.221,1356,764,88,174,3.55,3.218,5043,395,92,37,3.7,3.273,1432,788,92,198,3.63,3.317,6000,412,93,51,3.55,3.218,1356,371,88,0,3.685,3.299,3494.5,603.5,92,54.5,18.38,3.512,9180,846,141,205
blocks-strips-typed/instances/instance-27.lp,5.49,4.895,12134,2031,117,0,6.29,5.85,29515,1700,129,0,5.64,5.038,7263,1763,124,340,48.72,5.429,20216,1171,330,90,5.8,5.185,7263,1763,121,323,5.35,4.911,11443,817,117,68,5.03,4.53,7262,1750,119,189,5.05,4.62,11807,820,118,57,5.15,4.605,6392,1719,116,163,5.28,4.848,13031,826,117,61,5.63,5.084,7276,1754,120,240,5.33,4.899,13070,826,118,66,5.03,4.53,6392,817,116,0,5.42,4.905,11625,1709.5,118.5,79,48.72,5.85,29515,2031,330,340
blocks-strips-typed/instances/instance-28.lp,5.52,4.953,9990,1466,115,0,4.76,4.308,8088,420,111,0,5.25,4.658,7239,1267,118,256,16.39,4.326,9004,402,155,58,5.54,4.919,7239,1267,117,256,4.93,4.477,10887,446,112,55,4.96,4.449,5001,1124,116,178,4.77,4.34,10887,446,112,55,5.13,4.603,4670,1162,114,183,4.9,4.454,10887,446,112,52,5.39,4.813,9689,1345,116,229,4.79,4.253,10887,446,112,55,4.76,4.253,4670,402,111,0,5.045,4.4655,9346.5,785,114.5,56.5,16.39,4.953,10887,1466,155,256
blocks-strips-typed/instances/instance-29.lp,4.92,4.474,13982,636,118,0,4.86,4.471,2719,285,120,0,5.03,4.606,3083,699,118,76,6.96,4.368,1043,166,120,43,4.85,4.446,3083,699,118,76,5.22,4.842,803,96,116,32,4.93,4.528,3083,699,117,76,4.66,4.296,803,96,115,32,4.85,4.442,2318,546,117,63,4.64,4.272,782,95,117,28,4.93,4.501,2522,612,116,64,4.68,4.299,803,96,114,32,4.64,4.272,782,95,114,0,4.89,4.4585,2420,415.5,117,37.5,6.96,4.842,13982,699,120,76
blocks-strips-typed/instances/instance-30.lp,6.02,5.433,21409,2245,126,0,5.42,4.985,6774,989,119,0,5.45,4.894,7961,1228,123,209,8.52,4.924,3928,797,151,79,5.52,4.962,7961,1228,123,209,5.62,5.228,4631,1014,121,78,5.84,5.208,7514,1377,123,187,5.28,4.894,4708,1019,121,72,5.44,4.907,7043,1202,120,129,5.15,4.745,3809,812,122,61,5.52,4.949,5447,1177,121,226,5.42,5.04,4344,934,123,79,5.15,4.745,3809,797,119,0,5.485,4.9555,6110.5,1098,122.5,79,8.52,5.433,21409,2245,151,226
blocks-strips-typed/instances/instance-31.lp,5.79,5.364,22457,498,144,0,5.63,5.229,598,53,145,0,5.62,5.184,3181,181,145,44,5.85,5.306,545,51,146,20,5.85,5.426,3181,181,145,44,5.8,5.204,400,45,145,23,6.07,5.554,3181,181,145,44,5.93,5.452,400,45,140,23,5.63,5.207,3034,152,141,32,5.64,5.231,400,45,145,22,5.64,5.218,3055,154,144,39,5.62,5.197,400,45,138,23,5.62,5.184,400,45,138,0,5.715,5.23,1816,102.5,145,23,6.07,5.554,22457,498,146,44
blocks-strips-typed/instances/instance-32.lp,10.97,9.894,22999,4590,200,0,7.19,6.516,16244,343,169,0,11.85,10.726,39772,4520,216,690,11.94,6.991,13298,412,176,63,10.06,9.114,39843,4546,203,443,7.33,6.669,14084,414,171,54,9.85,8.97,40180,4562,196,256,7.21,6.49,14084,414,169,54,10.14,9.359,54516,6020,204,142,7.3,6.633,12196,412,168,49,10.16,9.339,50516,5149,208,260,7.7,6.913,14084,414,169,54,7.19,6.49,12196,343,168,0,9.955,7.9805,19621.5,2467,186,58.5,11.94,10.726,54516,6020,216,690
blocks-strips-typed/instances/instance-33.lp,12.81,11.632,73289,5549,218,0,18.51,17.754,39063,4237,281,0,16.32,15.102,39038,5110,256,704,86.97,17.878,49353,6724,680,113,12.87,11.922,39084,5211,242,398,18.42,17.634,55524,5463,284,141,11.7,10.914,35613,4746,239,226,16.47,15.73,55403,5463,287,111,11.58,10.7,58813,5586,238,176,26.68,25.938,96011,10635,328,75,11.55,10.676,43516,4164,242,295,16.82,16.105,55570,5466,287,113,11.55,10.676,35613,4164,218,0,16.395,15.416,52378,5463,268.5,127,86.97,25.938,96011,10635,680,704
blocks-strips-typed/instances/instance-34.lp,17.94,16.737,83821,7327,262,0,9.3,8.58,33005,1199,201,0,15.82,14.387,24839,5290,270,972,58.53,10.639,27151,2353,442,100,12.72,11.742,26122,5541,245,488,8.91,8.202,25556,627,200,50,11.98,11.184,25543,5314,238,225,8.83,8.13,25556,627,197,50,12.46,11.548,42571,5699,229,180,8.98,8.257,23248,1142,198,53,13.63,12.641,50832,6544,271,321,8.76,8.024,26649,604,196,50,8.76,8.024,23248,604,196,0,12.22,10.9115,26385.5,3821.5,233.5,76.5,58.53,16.737,83821,7327,442,972
blocks-strips-typed/instances/instance-35.lp,12.12,10.981,62601,3840,219,0,11.62,10.812,17929,2315,209,0,10.88,9.887,16802,2030,223,360,28.39,9.649,5234,1509,287,135,10.93,9.939,16802,2030,215,360,11.38,10.581,10894,2364,215,191,10.28,9.431,24550,2126,210,232,10.58,9.837,10268,2053,220,122,10.12,9.267,23224,1900,209,136,10.58,9.866,6665,2003,217,83,10.21,9.34,13965,1698,206,234,10.86,10.12,10714,2208,213,143,10.12,9.267,5234,1509,206,0,10.87,9.8765,15383.5,2041.5,215,139.5,28.39,10.981,62601,3840,287,360
blocks-strips-typed/instances/instance-36.lp,12.91,11.981,66947,3636,236,0,10.49,9.614,14090,655,221,0,11.8,10.759,27821,2151,233,334,15.25,9.104,2413,258,225,55,12,10.937,27821,2151,234,334,10.55,9.78,2978,277,219,58,11.78,10.848,29432,2349,230,198,9.92,9.132,2978,277,223,58,10.49,9.622,11687,1083,219,90,10.1,9.287,3707,302,222,52,11.49,10.509,39586,2434,226,192,9.98,9.186,2978,277,221,58,9.92,9.104,2413,258,219,0,11.02,9.701,12888.5,869,224,58,15.25,11.981,66947,3636,236,334
blocks-strips-typed/instances/instance-37.lp,14.63,13.497,94953,3515,283,0,12.35,11.439,3121,332,275,0,13.63,12.502,22316,2067,286,270,18.63,11.816,3439,328,320,81,13.98,12.85,22316,2067,286,270,12.18,11.298,1260,224,277,58,12.69,11.674,16574,1707,276,173,12.4,11.423,1260,224,278,58,13.59,12.553,38407,2272,275,168,11.56,10.658,1260,224,277,58,13.83,12.739,41307,2763,279,230,11.88,10.95,1260,224,274,58,11.56,10.658,1260,224,274,0,13.14,11.745,10006.5,1019.5,277.5,69.5,18.63,13.497,94953,3515,320,270
blocks-strips-typed/instances/instance-38.lp,19.25,17.72,78147,5171,331,0,45.57,43.914,131871,9319,436,0,28.39,26.638,113443,7533,405,796,216.57,43.624,110639,14416,1297,123,20.86,19.595,112834,7504,378,320,42.28,41.148,139786,14048,452,100,20.57,19.477,112829,7505,372,188,38.83,37.808,144920,14074,453,83,18.55,17.404,87942,7220,334,136,36.92,35.821,148189,14077,434,72,19.21,18.02,104478,8053,334,257,39.33,38.239,146443,14079,453,87,18.55,17.404,78147,5171,331,0,32.655,31.2295,113138.5,8686,419.5,111.5,216.57,43.914,148189,14416,1297,796
blocks-strips-typed/instances/instance-39.lp,30,28.396,138946,7887,422,0,15.84,14.688,40507,881,331,0,26.62,24.905,63504,5877,431,730,80.45,15.355,20728,1155,592,90,20.5,19.158,64199,5879,417,357,15.88,14.723,22080,1080,338,79,19.9,18.663,65438,6076,407,197,15.37,14.23,21658,1077,328,70,19.13,17.886,48353,5060,390,180,15.14,13.996,14447,575,322,56,19.45,18.148,69121,5605,387,256,15.41,14.274,31417,626,330,59,15.14,13.996,14447,575,322,0,19.29,16.6205,44430,3107.5,388.5,84.5,80.45,28.396,138946,7887,592,730
blocks-strips-typed/instances/instance-40.lp,14.02,12.909,31180,906,314,0,13.42,12.437,6154,136,303,0,14.12,13.019,12395,651,315,144,14.37,12.36,2792,124,316,42,13.78,12.709,12395,651,314,144,13.84,12.86,2671,114,314,44,13.88,12.809,12395,651,315,144,13.31,12.322,2671,114,304,44,13.85,12.749,7743,774,312,135,13.32,12.341,2676,104,316,47,13.72,12.659,9042,676,314,130,13.49,12.49,2676,104,315,48,13.31,12.322,2671,104,303,0,13.81,12.684,6948.5,393.5,314,47.5,14.37,13.019,31180,906,316,144
blocks-strips-typed/instances/instance-41.lp,24.53,23.115,107642,6286,401,0,74.4,73.004,156359,18340,520,0,19.06,17.503,14717,3048,368,493,217.8,26.024,35679,5404,1124,175,19.59,18.012,14717,3048,364,493,36.22,34.944,51387,8943,507,190,20.63,19.151,30336,5629,390,376,32.22,30.963,50777,8060,496,139,17.78,16.498,27031,2755,358,139,46.95,45.635,108188,16751,474,110,19.01,17.585,13892,2658,358,297,36.65,35.387,88376,12048,488,169,17.78,16.498,13892,2658,358,0,28.375,24.5695,43228,5957.5,437.5,172,217.8,73.004,156359,18340,1124,493
blocks-strips-typed/instances/instance-42.lp,28.52,26.454,173122,7131,449,0,18.71,17.286,53606,347,395,0,34.02,31.668,117004,8654,511,917,21.64,17.31,46965,384,399,77,26.53,24.804,117961,8678,485,413,18.2,16.819,46211,370,378,61,26.25,24.46,117831,8636,467,302,19.04,17.546,46211,370,382,61,28.13,26.482,106976,9124,443,198,18.56,17.084,44997,369,392,60,26.12,24.454,90570,6643,485,293,18.5,17.04,46211,370,379,61,18.2,16.819,44997,347,378,0,23.88,21,72088,3513.5,421,69,34.02,31.668,173122,9124,511,917
depots-strips-automatic/instances/instance-10.lp,9.02,8.716,1908,533,201,0,8.82,8.548,130,18,197,0,8.92,8.518,1908,533,202,0,8.52,8.231,130,18,195,0,8.97,8.667,1908,533,201,0,9.43,9.132,130,18,196,0,8.69,8.413,1908,533,201,0,8.67,8.393,130,18,201,0,8.94,8.635,1908,533,199,0,8.62,8.347,130,18,195,0,9.52,9.225,1908,533,200,0,8.63,8.351,130,18,197,0,8.52,8.231,130,18,195,0,8.87,8.533,1019,275.5,199.5,0,9.52,9.225,1908,533,202,0
depots-strips-automatic/instances/instance-11.lp,780.43,779.096,2035746,1088880,766,0,900,900,3427301,936031,883,0,52.82,51.105,177765,37222,724,594,900,900,3122083,861467,1075,0,168.18,166.853,600237,242954,726,393,900,900,2969109,871610,890,0,133.3,132.063,1355475,189261,730,125,900,900,2981366,889330,911,0,154.2,152.822,526716,218376,716,133,900,900,3373490,912582,849,0,340.71,339.497,1035663,497469,743,221,900,900,3053036,919304,876,0,52.82,51.105,177765,37222,716,0,840.215,839.548,2502427.5,866538.5,807.5,0,900,900,3427301,1088880,1075,594
depots-strips-automatic/instances/instance-12.lp,900,900,16488430,800314,2253,0,900,900,1881508,405359,2438,0,900,900,16680765,820532,2265,0,900,900,1610857,378899,2479,0,900,900,16298902,798330,2262,0,900,900,1628535,363094,2632,0,900,900,16315831,800303,2265,0,900,900,1646048,366423,2638,0,900,900,14642336,810571,2247,0,900,900,1420139,354733,2511,0,900,900,16087789,814570,2243,0,900,900,1558407,359807,2560,0,900,900,1420139,354733,2243,0,900,900,8261922,601844.5,2351.5,0,900,900,16680765,820532,2638,0
depots-strips-automatic/instances/instance-13.lp,12.45,12.073,570,77,265,0,12.71,12.345,354,42,264,0,12.88,12.516,570,77,263,0,12.22,11.879,354,42,265,0,12,11.64,570,77,259,0,11.72,11.341,354,42,264,0,12.02,11.653,570,77,264,0,11.73,11.367,354,42,267,0,11.79,11.422,570,77,260,0,11.85,11.371,354,42,267,0,11.99,11.62,570,77,260,0,11.93,11.561,354,42,266,0,11.72,11.341,354,42,259,0,11.995,11.63,462,59.5,264,0,12.88,12.516,570,77,267,0
depots-strips-automatic/instances/instance-14.lp,41.52,40.277,566,80,848,0,42.74,41.351,238,17,841,0,41.17,39.862,4502,490,847,8,44.34,43.073,229,17,850,3,41.53,40.245,4502,490,845,8,41.09,39.905,229,17,851,3,41.15,40.035,4502,490,849,8,41.26,39.994,229,17,846,3,42.14,40.817,5906,1151,846,7,41.87,40.465,229,17,843,3,41.31,39.987,4502,490,847,8,40.93,39.677,229,17,848,3,40.93,39.677,229,17,841,0,41.415,40.14,402,48.5,847,3,44.34,43.073,5906,1151,851,8
depots-strips-automatic/instances/instance-15.lp,900,900,6296674,629847,2589,0,900,900,983995,306496,2798,0,900,900,7176539,594237,2590,0,900,900,,,2858,0,900,900,7282912,607852,2588,0,900,900,1131697,340247,2910,0,900,900,7157386,592858,2588,0,900,900,1166601,351411,2902,0,900,900,7779820,594898,2600,0,900,900,1136126,341724,2905,0,900,900,7243718,605234,2620,0,900,900,1136929,342034,2911,0,900,900,983995,306496,2588,0,900,900,6296674,592858,2709,0,900,900,7779820,629847,2911,0
depots-strips-automatic/instances/instance-16.lp,22.74,22.119,490,123,461,0,22.7,22.097,2013,45,462,0,22.49,21.895,490,123,461,0,22.22,21.47,2013,45,464,0,22.44,21.829,490,123,461,0,21.98,21.376,2013,45,462,0,22,21.386,490,123,460,0,23.23,22.673,2013,45,456,0,22.1,21.468,490,123,463,0,22.17,21.573,2013,45,456,0,22.63,22.033,490,123,462,0,22.46,21.838,2013,45,464,0,21.98,21.376,490,45,456,0,22.45,21.8335,1251.5,84,461.5,0,23.23,22.673,2013,123,464,0
depots-strips-automatic/instances/instance-17.lp,72.26,70.313,5277,1112,1417,0,72.42,70.472,755,60,1415,0,72.8,70.838,5277,1112,1418,0,72.65,70.768,755,60,1416,0,70.84,69.192,5277,1112,1417,0,76.53,74.82,755,60,1415,0,72.74,70.984,5277,1112,1417,0,73.94,72.081,755,60,1416,0,72.35,70.393,5277,1112,1417,0,71.57,69.863,755,60,1416,0,72.06,70.091,5277,1112,1418,0,71.83,69.747,755,60,1415,0,70.84,69.192,755,60,1415,0,72.385,70.4325,3016,586,1416.5,0,76.53,74.82,5277,1112,1418,0
depots-strips-automatic/instances/instance-18.lp,235.79,229.391,117898,8862,4276,0,239.56,233.071,927,79,4279,0,228,221.545,245999,6028,4279,11,219.92,213.726,924,79,4280,16,219.96,213.411,245999,6028,4273,11,225.26,218.531,924,79,4281,16,222.66,215.587,245999,6028,4281,11,211.69,205.806,924,79,4279,16,221.5,214.775,244165,8248,4274,5,215.88,209.798,927,79,4275,10,219.82,213.492,197614,5606,4277,9,213.75,207.704,924,79,4279,15,211.69,205.806,924,79,4273,0,220.73,214.2505,59412.5,2842.5,4279,11,239.56,233.071,245999,8862,4281,16
depots-strips-automatic/instances/instance-19.lp,45.96,44.786,912,149,913,0,45.75,44.501,1029,52,913,0,46.03,44.845,912,149,914,0,45.47,44.406,1029,52,913,0,44.97,43.755,912,149,915,0,44.59,43.483,1029,52,911,0,45.65,44.514,912,149,914,0,44.65,43.575,1029,52,915,0,45.24,44.101,912,149,914,0,44.85,43.784,1029,52,915,0,45.58,44.389,912,149,918,0,45.05,43.977,1029,52,918,0,44.59,43.483,912,52,911,0,45.355,44.245,970.5,100.5,914,0,46.03,44.845,1029,149,918,0
depots-strips-automatic/instances/instance-20.lp,333.35,326.626,2641011,114223,4418,0,900,900,1973429,392544,4644,0,583,577.099,7017421,384660,4481,5,900,900,,,4697,0,592.56,587.019,7017421,384660,4484,5,900,900,2289203,409636,4699,0,582.89,577.272,7017421,384660,4489,5,900,900,2331712,421026,4692,0,580.52,573.35,7017421,384660,4484,5,900,900,2292207,410889,4702,0,594.56,588.636,7017421,384660,4488,5,900,900,2290563,410184,4699,0,333.35,326.626,1973429,114223,4418,0,747.28,744.318,2641011,384660,4566.5,0,900,900,7017421,421026,4702,5
depots-strips-automatic/instances/instance-3.lp,2.67,2.479,1569,506,73,0,2.7,2.416,214,40,70,0,2.66,2.486,2631,967,74,20,2.59,2.43,189,35,70,7,2.93,2.743,2631,967,73,20,2.57,2.401,189,35,73,7,2.68,2.512,2631,967,73,20,2.52,2.348,189,35,69,7,2.72,2.534,2080,766,73,14,2.88,2.708,189,35,72,6,2.74,2.576,2631,967,73,20,2.58,2.397,189,35,73,7,2.52,2.348,189,35,69,0,2.675,2.4825,891.5,273,73,7,2.93,2.743,2631,967,74,20
depots-strips-automatic/instances/instance-4.lp,5.45,5.197,7324,2770,124,0,5.38,5.128,412,40,119,0,4.94,4.687,1924,539,125,6,4.76,4.549,412,40,120,0,5.07,4.813,1924,539,124,6,5,4.767,421,41,123,3,4.86,4.626,1924,539,124,6,4.75,4.532,421,41,121,3,5.37,5.113,3441,1057,124,4,4.73,4.503,421,41,124,3,5.02,4.761,1924,539,124,6,4.72,4.487,421,41,124,3,4.72,4.487,412,40,119,0,4.97,4.724,1172.5,290,124,3,5.45,5.197,7324,2770,125,6
depots-strips-automatic/instances/instance-5.lp,11.88,11.459,25350,8471,221,0,9.89,9.481,3964,875,221,0,23.79,23.361,75886,33808,239,17,10.24,9.754,3837,817,219,9,23.75,23.31,75886,33808,239,17,10.02,9.616,3764,812,221,9,23.49,23.087,75886,33808,239,17,9.64,9.223,3764,812,221,9,10.9,10.457,18934,5916,219,14,10.17,9.75,3764,812,219,9,10.93,10.543,18934,5916,220,14,9.99,9.57,3764,812,222,9,9.64,9.223,3764,812,219,0,10.57,10.1055,11449,3395.5,221,9,23.79,23.361,75886,33808,239,17
depots-strips-automatic/instances/instance-6.lp,479.35,477.783,1650307,673547,772,0,900,900,1534135,615770,879,0,307.03,305.318,1143643,381477,767,535,900,900,,,986,0,315.78,314.215,928156,387401,766,399,900,900,1450522,590947,957,0,393.04,391.521,1235158,517458,761,158,900,900,1462714,595475,968,0,900,900,8887114,1106578,872,0,900,900,1444272,588435,960,0,628.83,627.418,2183165,951455,761,221,900,900,1476013,599854,967,0,307.03,305.318,928156,381477,761,0,900,900,1462714,595475,875.5,0,900,900,8887114,1106578,986,535
depots-strips-automatic/instances/instance-7.lp,3.25,3.087,332,66,87,0,3.2,3.038,87,23,85,0,3.18,3.002,332,66,87,0,3.23,3.075,87,23,84,0,3.16,2.988,332,66,87,0,3.25,2.975,87,23,85,0,3.21,3.052,332,66,85,0,3.12,2.954,87,23,85,0,3.13,2.954,332,66,83,0,3.16,2.996,87,23,87,0,3.23,3.076,332,66,83,0,3.32,3.051,87,23,84,0,3.12,2.954,87,23,83,0,3.205,3.02,209.5,44.5,85,0,3.32,3.087,332,66,87,0
depots-strips-automatic/instances/instance-8.lp,13.42,12.991,15325,6025,254,0,11.16,10.647,444,73,255,0,13.38,12.948,13130,5111,258,40,11.45,11.049,443,73,252,6,13,12.583,13130,5111,255,40,11.86,11.435,443,73,255,6,12.82,12.383,13130,5111,258,40,10.87,10.462,443,73,258,6,12.11,11.688,8758,3189,253,34,10.89,10.379,443,73,248,6,12.89,12.488,13130,5111,257,40,10.89,10.489,443,73,249,6,10.87,10.379,443,73,248,0,11.985,11.5615,4601,1631,255,6,13.42,12.991,15325,6025,258,40
depots-strips-automatic/instances/instance-9.lp,900,900,3157055,1246231,854,0,900,900,1670123,550604,943,0,900,900,3159950,1199029,879,0,900,900,1895467,629462,929,0,900,900,2791160,1107243,856,0,900,900,1694550,563514,1002,0,567.3,565.858,1927377,738243,834,231,900,900,1760969,584272,1011,0,900,900,3041528,1214164,834,0,900,900,1717238,570168,1011,0,555.16,553.534,1857371,701507,815,339,900,900,1766850,587416,1016,0,555.16,553.534,1670123,550604,815,0,900,900,1876419,665484.5,904,0,900,900,3159950,1246231,1016,339
driverlog-strips-automatic/instances/instance-11.lp,3.21,2.942,299,142,73,0,3.13,2.984,2019,663,76,0,3.05,2.824,299,142,72,0,3.1,2.935,2019,663,76,0,2.99,2.825,299,142,75,0,3.06,2.911,2019,663,76,0,2.98,2.829,299,142,77,0,3.1,2.939,2019,663,76,0,3.03,2.872,299,142,71,0,3.03,2.895,2019,663,76,0,2.97,2.819,299,142,76,0,3.15,2.999,2019,663,76,0,2.97,2.819,299,142,71,0,3.055,2.903,1159,402.5,76,0,3.21,2.999,2019,663,77,0
driverlog-strips-automatic/instances/instance-12.lp,10.08,9.358,21652,8646,184,0,51.71,51.019,231374,109643,200,0,10.22,9.276,14458,6836,207,699,255.37,251.946,1233567,676555,267,84,9.88,9.032,14235,6748,196,487,114.3,113.891,529209,278037,201,109,9.56,9.082,15959,7478,183,217,108.32,107.984,528280,277759,204,50,9.92,9.355,20545,8650,182,163,880.93,880.53,4801203,2572172,222,21,9.84,9.248,17930,7975,189,312,895.59,895.223,4798901,2571781,223,36,9.56,9.032,14235,6748,182,0,30.965,30.1885,126513,59146.5,200.5,96.5,895.59,895.223,4801203,2572172,267,699
driverlog-strips-automatic/instances/instance-13.lp,10.87,10.398,3366,1171,224,0,11.38,10.91,6169,1944,226,0,10.75,10.183,2355,778,224,111,13.76,10.76,6328,1935,256,92,11.42,10.923,2355,778,225,111,11.24,10.758,6330,1938,227,129,10.62,10.142,2355,778,225,111,10.85,10.421,6307,1936,224,56,10.58,10.129,3120,1068,224,49,11.15,10.7,6337,1963,227,26,11,10.507,3680,1189,224,101,11.22,10.775,7463,1996,229,57,10.58,10.129,2355,778,224,0,11.075,10.6035,4924.5,1562,225,74.5,13.76,10.923,7463,1996,256,129
driverlog-strips-automatic/instances/instance-14.lp,10.82,10.271,4611,1364,228,0,11.34,10.876,9493,2143,230,0,11.1,10.51,1421,542,229,223,12.24,10.878,6650,1961,264,106,10.76,10.174,1421,542,226,223,11.63,11.151,6545,1929,232,153,11.62,11.013,1421,542,233,223,11.46,11.025,6179,1897,226,71,11.06,10.512,4747,1369,226,117,11.22,10.77,5761,1861,232,47,10.73,10.163,1416,542,231,205,11.43,10.949,6093,1890,231,79,10.73,10.163,1416,542,226,0,11.28,10.823,5254,1615,230.5,111.5,12.24,11.151,9493,2143,264,223
driverlog-strips-automatic/instances/instance-15.lp,41.62,40.25,19017,4749,768,0,41.87,40.553,8765,1648,766,0,41.09,39.685,8307,2031,772,328,42.8,38.892,8107,1596,791,213,40.18,38.54,8307,2031,771,328,39.64,38.363,8107,1596,773,243,40.54,39.186,5794,1488,769,250,39.61,38.38,8163,1594,770,127,41,39.582,13776,3706,768,179,39.75,38.408,8203,1629,769,145,40.75,39.298,8385,2289,769,290,39.58,38.201,8107,1596,771,183,39.58,38.201,5794,1488,766,0,40.645,39.039,8255,1638.5,769.5,198,42.8,40.553,19017,4749,791,328
driverlog-strips-automatic/instances/instance-17.lp,231.98,226.992,2040013,119497,2928,0,900,900,19115213,1289043,3020,0,188.8,183.599,870363,45483,2934,464,900,900,19161815,1315625,3005,0,189.31,183.781,870363,45483,2934,464,900,900,17852648,1296848,2987,0,194.52,188.773,1050884,55375,2929,214,165.92,161.022,32866,2769,2937,177,198.52,193.338,1138091,65388,2929,245,166.68,161.177,172647,11427,2932,166,196,190.703,1079894,60141,2932,388,900,900,19537150,1319039,3025,0,165.92,161.022,32866,2769,2928,0,197.26,192.0205,1108992.5,62764.5,2934,171.5,900,900,19537150,1319039,3025,464
driverlog-strips-automatic/instances/instance-18.lp,900,900,8338956,584948,5545,0,900,900,2181491,378588,5682,0,900,900,7874210,612774,5549,0,900,900,2599779,459142,5681,0,900,900,7825940,608516,5554,0,900,900,2424447,410412,5667,0,900,900,8319910,607043,5548,0,900,900,2485819,412891,5689,0,900,900,8412518,609978,5550,0,900,900,2707863,455301,5647,0,900,900,8390336,616246,5547,0,900,900,2985512,478994,5669,0,900,900,2181491,378588,5545,0,900,900,5405726,531971,5600.5,0,900,900,8412518,616246,5689,0
driverlog-strips-automatic/instances/instance-7.lp,0.94,0.813,71,18,32,0,0.92,0.794,160,7,31,0,0.94,0.821,72,18,32,7,0.85,0.748,160,7,32,0,0.87,0.746,72,18,32,7,0.91,0.79,173,8,31,5,0.96,0.825,72,18,32,7,0.92,0.805,173,8,33,5,0.97,0.838,72,18,32,6,0.88,0.762,107,7,31,4,0.92,0.781,72,18,31,7,0.87,0.757,173,8,32,5,0.85,0.746,71,7,31,0,0.92,0.792,89.5,13,32,5,0.97,0.838,173,18,33,7
driverlog-strips-automatic/instances/instance-9.lp,1.42,1.278,229,50,41,0,1.43,1.313,665,172,42,0,1.37,1.254,229,50,42,0,1.49,1.258,665,172,42,0,1.43,1.302,229,50,42,0,1.64,1.514,665,172,42,0,1.36,1.242,229,50,43,0,1.38,1.266,665,172,42,0,1.4,1.272,229,50,41,0,1.42,1.297,665,172,42,0,1.4,1.264,229,50,41,0,1.44,1.332,665,172,44,0,1.36,1.242,229,50,41,0,1.42,1.275,447,111,42,0,1.64,1.514,665,172,44,0
elevator-strips-simple-typed/instances/instance-38.lp,4.26,3.285,6614,5067,68,0,3.94,2.829,7001,1864,71,0,3.8,2.833,2317,1600,74,498,3.98,2.94,7176,1948,79,439,3.95,2.986,2317,1600,73,498,4.53,2.935,5766,1649,81,517,3.62,3.049,3583,2520,70,373,3.51,2.867,6122,1776,74,347,3.45,2.811,2293,1541,66,174,4.13,2.939,4466,1314,66,127,3.92,2.95,3174,2228,71,414,4.04,3.06,7176,1948,71,317,3.45,2.811,2293,1314,66,0,3.945,2.9395,5116,1820,71,360,4.53,3.285,7176,5067,81,517
elevator-strips-simple-typed/instances/instance-40.lp,7.18,5.752,34237,26762,78,0,14.62,12.88,334939,80205,80,0,6.87,5.091,29594,23488,85,1000,78.39,75.76,1673521,575401,93,735,7.53,5.251,28503,22979,89,1126,25.95,23.148,497294,159426,89,841,5.62,4.721,25433,19758,74,500,19.68,18.697,409981,131424,82,500,5.93,4.336,19479,14962,69,235,16.53,14.779,352145,100291,75,258,6.29,4.586,21413,16064,78,765,18.98,17.18,407857,121591,87,724,5.62,4.336,19479,14962,69,0,11.075,9.316,184588,53483.5,81,612,78.39,75.76,1673521,575401,93,1126
elevator-strips-simple-typed/instances/instance-42.lp,10.78,9.267,57882,46298,103,0,66.37,64.376,1303391,442806,114,0,8.62,7.11,29012,22357,111,1000,165.18,163.272,2948495,1092781,127,856,9.39,7.511,31134,24022,123,1458,267.25,264.785,4500329,1769151,135,1083,9.08,8.01,39291,31591,100,500,205.94,204.817,3531458,1305086,120,500,7.36,5.794,22232,16215,96,305,57.38,55.605,1070705,357538,109,285,10.32,8.89,46785,37713,108,968,238.45,236.517,4589397,1810384,128,747,7.36,5.794,22232,16215,96,0,34.08,32.436,564293.5,201918,112.5,623.5,267.25,264.785,4589397,1810384,135,1458
elevator-strips-simple-typed/instances/instance-43.lp,15.88,14.24,90381,80192,103,0,83.36,81.276,1606672,564965,114,0,9.9,8.087,39674,31857,113,1000,141.95,139.445,2605827,1005649,122,913,10.36,8.019,37257,30184,119,1454,128.92,126.331,2393597,888028,131,1091,7.72,6.644,27391,21068,101,500,126.8,125.702,2270460,851102,118,500,8.96,7.457,39771,30150,95,298,127.67,125.999,2277468,840859,112,295,10.59,8.915,47968,40329,105,847,250.53,248.665,4556232,1829005,130,816,7.72,6.644,27391,21068,95,0,49.62,47.758,848526.5,322578.5,113.5,658,250.53,248.665,4556232,1829005,131,1454
elevator-strips-simple-typed/instances/instance-44.lp,171.16,169.666,2119418,1616257,108,0,900,900,31014099,6079888,143,0,33.32,31.789,371148,277465,111,1000,900,900,,,137,0,26.87,23.941,257767,194967,132,1500,900,900,21345365,6333553,147,0,46.57,45.675,567892,428312,106,500,900,900,21246301,6294037,137,0,26.23,24.335,297508,216550,100,368,900,900,24792440,6145607,127,0,29.87,28.052,327753,250647,108,1000,900,900,22672308,6206708,146,0,26.23,23.941,257767,194967,100,0,535.58,534.833,2119418,1616257,129.5,0,900,900,31014099,6333553,147,1500
elevator-strips-simple-typed/instances/instance-45.lp,127.38,125.861,972471,858108,108,0,68.71,66.753,1333905,445657,111,0,17.51,15.699,110716,83775,111,1000,261,259.171,4907110,1945599,129,994,13.84,11.684,74892,56419,118,1328,303.92,301.321,5444641,2285593,141,1195,14.52,13.545,93948,70223,99,500,215.37,214.313,4603643,1627034,118,500,18.09,16.493,126367,95287,95,243,173.29,171.601,3447470,1295653,115,332,16.87,15.218,102150,79796,104,853,130.97,129.102,2522482,942203,120,859,13.84,11.684,74892,56419,95,0,98.045,96.307,1153188,651882.5,113,676.5,303.92,301.321,5444641,2285593,141,1328
elevator-strips-simple-typed/instances/instance-46.lp,579.66,578.019,5059804,4267629,144,0,900,900,25207939,5850642,164,0,106.52,104.877,1099344,883531,148,1000,900,900,,,185,0,42.89,39.976,365194,282976,168,1500,900,900,15347211,6131577,178,0,118.49,117.417,1150178,906414,139,500,900,900,17937326,6104471,163,0,67.56,65.35,658218,495356,131,344,900,900,21261113,5993923,157,0,59.52,57.168,588885,440705,145,1000,900,900,17622867,6185742,163,0,42.89,39.976,365194,282976,131,0,739.83,739.0095,5059804,4267629,160,0,900,900,25207939,6185742,185,1500
elevator-strips-simple-typed/instances/instance-47.lp,13.17,11.482,53130,41413,130,0,107.5,105.322,2171713,595649,144,0,10.79,9.305,31341,23576,142,1000,251.83,249.205,3959770,1618360,166,1000,11.13,9.309,33104,24818,151,1442,246.44,243.684,4420327,1636185,167,1146,9.26,8.334,29076,21808,134,500,139.16,138.043,2446752,876873,142,500,9.33,7.959,22108,15913,124,216,122.17,120.307,2289264,762641,137,321,9.94,8.383,24887,18284,138,1000,345.87,343.862,5974679,2285815,153,735,9.26,7.959,22108,15913,124,0,60.335,58.402,1112421.5,318531,142,617.5,345.87,343.862,5974679,2285815,167,1442
elevator-strips-simple-typed/instances/instance-48.lp,32.16,30.598,207647,185948,134,0,104.12,101.902,1845890,600006,151,0,12.89,11.166,50117,39026,139,1000,616.63,613.189,9811041,4131283,170,0,12.17,10.038,38534,30114,148,1395,469.34,466.864,7679311,3186435,161,878,9.3,8.27,26480,19304,132,500,290.37,289.185,4603703,1768656,152,500,10.09,8.321,25787,19286,128,281,266.14,264.425,5010061,1742732,143,284,9.77,8.148,24323,17079,137,1000,247.71,245.981,4521707,1716089,147,616,9.3,8.148,24323,17079,128,0,68.14,66.25,1026768.5,392977,145,500,616.63,613.189,9811041,4131283,170,1395
elevator-strips-simple-typed/instances/instance-49.lp,887.15,885.607,6843572,6130442,150,0,900,900,35131465,5746124,158,0,128.92,126.574,1226311,960104,145,1000,900,900,,,172,0,127.89,124.517,1159366,918622,157,1500,900,900,16524489,5941364,169,0,113.49,112.473,1122622,852969,137,500,900,900,22438837,6251353,161,0,109.19,106.828,1147385,893555,134,375,900,900,23549329,5980793,155,0,57.73,55.449,554633,419567,139,1000,900,900,18636715,5697687,164,0,57.73,55.449,554633,419567,134,0,893.575,892.8035,6843572,5697687,156,0,900,900,35131465,6251353,172,1500
elevator-strips-simple-typed/instances/instance-50.lp,430.77,429.051,3730174,3207605,142,0,900,900,23841637,4994511,161,0,110.79,108.947,1140300,886476,141,1000,900,900,16539826,5891657,180,0,120.17,116.966,1207999,953081,163,1500,900,900,16631111,5983647,183,0,126.57,125.513,1230436,942668,135,500,900,900,19035574,5831340,162,0,60.18,58.068,610931,480920,132,396,900,900,19394764,6005383,174,0,112.03,110.383,1107460,860849,142,1000,900,900,16626750,5832364,174,0,60.18,58.068,610931,480920,132,0,665.385,664.5255,10135000,4101058,161.5,0,900,900,23841637,6005383,183,1500
elevator-strips-simple-typed/instances/instance-51.lp,900,900,6904629,6081359,198,0,900,900,22375622,5163525,194,0,136.25,134.238,1183009,965462,192,1000,900,900,,,229,0,97.8,93.76,738774,573475,211,1500,900,900,15123594,5536042,222,0,276.4,275.254,2333822,1819893,179,500,900,900,16220210,5323742,206,0,204.69,202.572,1883811,1468676,177,368,900,900,17323201,5197750,198,0,94.56,91.918,723053,572102,187,1000,900,900,13553380,5461011,213,0,94.56,91.918,723053,572102,177,0,900,900,6904629,5163525,198,0,900,900,22375622,6081359,229,1500
elevator-strips-simple-typed/instances/instance-52.lp,28.46,26.736,118766,105317,176,0,125.23,123.062,1954914,642374,184,0,16.31,14.407,42635,34705,184,1000,788.14,786.385,10836097,4649057,226,0,16.25,13.816,38813,30468,195,1498,726.88,724.538,10043292,4390694,217,843,17.88,16.819,61285,50554,175,500,693.06,691.845,8801414,3609754,212,500,16.33,14.581,45347,36992,169,270,161.87,159.997,2605645,908822,181,309,15.5,13.706,43343,33625,180,1000,326.74,324.871,4874299,1853407,207,671,15.5,13.706,38813,30468,169,0,76.845,74.899,1036840,373845.5,184,500,788.14,786.385,10836097,4649057,226,1498
elevator-strips-simple-typed/instances/instance-53.lp,900,900,6778509,5688142,188,0,900,900,27729265,5317594,207,0,900,900,7675254,5992580,196,0,900,900,,,215,0,900,900,8091309,6320288,201,0,900,900,17436770,5236494,212,0,900,900,7782584,6014557,185,0,900,900,19271507,5373672,204,0,900,900,9293144,7066079,176,0,900,900,22844633,5319737,205,0,900,900,8554767,6592762,188,0,900,900,18435411,5357681,206,0,900,900,6778509,5236494,176,0,900,900,9293144,5688142,202.5,0,900,900,27729265,7066079,215,0
elevator-strips-simple-typed/instances/instance-54.lp,900,900,7091858,6105761,193,0,900,900,29935526,5080015,197,0,900,900,7955318,6259538,195,0,900,900,17129229,5342411,220,0,900,900,7965000,6214825,208,0,900,900,15519841,5104142,205,0,900,900,8094270,6314973,181,0,900,900,21726112,5312769,208,0,900,900,7889808,6066172,181,0,900,900,19346455,5430130,195,0,900,900,8454240,6672677,193,0,900,900,17163584,5340871,205,0,900,900,7091858,5080015,181,0,900,900,11987040.5,5748151,196,0,900,900,29935526,6672677,220,0
elevator-strips-simple-typed/instances/instance-55.lp,334.64,333.017,2522087,2102893,187,0,900,900,26297149,5107891,194,0,255.51,253.439,2305018,1809841,193,1000,900,900,,,207,0,120.95,118.25,1092909,829099,200,1500,900,900,14741285,5131661,202,0,254.24,253.057,2293390,1797493,184,500,900,900,17538659,5482127,200,0,226.08,223.708,2129613,1623127,177,392,900,900,19719518,5271561,201,0,95.68,93.731,852861,653556,188,1000,900,900,18885712,5246035,209,0,95.68,93.731,852861,653556,177,0,617.32,616.5085,2522087,2102893,197,0,900,900,26297149,5482127,209,1500
elevator-strips-simple-typed/instances/instance-56.lp,900,900,5680573,4927115,251,0,900,900,28637192,4603362,257,0,900,900,7105752,5712498,246,0,900,900,,,262,0,900,900,7352201,5706087,263,0,900,900,14107195,4877427,270,0,900,900,7023200,5521475,243,0,900,900,16456015,4806253,265,0,900,900,7695521,5896648,241,0,900,900,18983713,4897236,255,0,900,900,7536920,5875207,256,0,900,900,14597099,4788450,258,0,900,900,5680573,4603362,241,0,900,900,7695521,4927115,256.5,0,900,900,28637192,5896648,270,0
elevator-strips-simple-typed/instances/instance-57.lp,900,900,7171273,6688150,235,0,900,900,26084859,4397322,250,0,900,900,6869085,5429385,249,0,900,900,,,259,0,900,900,6886548,5502084,261,0,900,900,12167017,4423682,268,0,900,900,6610458,5218258,246,0,900,900,16374665,4998703,256,0,900,900,7177208,5518123,243,0,900,900,20064313,4947436,249,0,900,900,7240014,5631397,246,0,900,900,16216790,4994557,257,0,900,900,6610458,4397322,235,0,900,900,7240014,5218258,249.5,0,900,900,26084859,6688150,268,0
elevator-strips-simple-typed/instances/instance-58.lp,900,900,6110307,5179063,246,0,900,900,17983594,4546564,260,0,900,900,6718595,5286873,253,0,900,900,,,274,0,900,900,6782700,5308932,257,0,900,900,13090120,4750887,272,0,900,900,6701019,5274139,249,0,900,900,14998855,4898108,269,0,900,900,7614491,5807055,237,0,900,900,16189128,4847913,258,0,900,900,6982512,5481199,256,0,900,900,14523928,4918842,269,0,900,900,6110307,4546564,237,0,900,900,7614491,5179063,257.5,0,900,900,17983594,5807055,274,0
elevator-strips-simple-typed/instances/instance-59.lp,900,900,5691532,4959912,248,0,900,900,20170750,4628553,263,0,180.87,178.882,1300020,1011226,244,1000,900,900,,,262,0,90.36,87.933,627011,484097,251,1500,900,900,12936006,4841654,262,0,199.73,198.607,1429859,1103373,241,500,900,900,13413694,4788437,260,0,261.4,258.851,2055656,1616496,241,346,900,900,16179882,4809150,279,0,56.95,54.454,407994,313828,243,1000,900,900,13333753,4871030,268,0,56.95,54.454,407994,313828,241,0,900,900,5691532,4628553,255.5,0,900,900,20170750,4959912,279,1500
freecell-strips-typed/instances/instance-1.lp,900,900,0,0,8152,0,900,900,0,0,8188,0,900,900,0,0,8002,0,900,900,0,0,8017,0,900,900,0,0,8076,0,900,900,0,0,8219,0,900,900,0,0,8022,0,900,900,0,0,8070,0,900,900,0,0,8051,0,900,900,0,0,8137,0,900,900,0,0,8063,0,900,900,0,0,8123,0,900,900,0,0,8002,0,900,900,0,0,8073,0,900,900,0,0,8219,0
freecell-strips-typed/instances/instance-10.lp,900,900,0,0,8099,0,900,900,0,0,8094,0,900,900,0,0,8093,0,900,900,0,0,8044,0,900,900,0,0,8002,0,900,900,0,0,8098,0,900,900,0,0,8050,0,900,900,0,0,8091,0,900,900,0,0,8093,0,900,900,0,0,8012,0,900,900,0,0,8087,0,900,900,0,0,8052,0,900,900,0,0,8002,0,900,900,0,0,8089,0,900,900,0,0,8099,0
freecell-strips-typed/instances/instance-11.lp,900,900,0,0,8028,0,900,900,0,0,8028,0,900,900,0,0,8029,0,900,900,0,0,8029,0,900,900,0,0,8027,0,900,900,0,0,8028,0,900,900,0,0,8028,0,900,900,0,0,8029,0,900,900,0,0,8007,0,900,900,0,0,8030,0,900,900,0,0,8021,0,900,900,0,0,8030,0,900,900,0,0,8007,0,900,900,0,0,8028,0,900,900,0,0,8030,0
freecell-strips-typed/instances/instance-12.lp,900,900,0,0,8029,0,900,900,0,0,8014,0,900,900,0,0,8028,0,900,900,0,0,8022,0,900,900,0,0,8029,0,900,900,0,0,8028,0,900,900,0,0,8022,0,900,900,0,0,8029,0,900,900,0,0,8028,0,900,900,0,0,8028,0,900,900,0,0,8006,0,900,900,0,0,8029,0,900,900,0,0,8006,0,900,900,0,0,8028,0,900,900,0,0,8029,0
freecell-strips-typed/instances/instance-13.lp,900,900,0,0,8022,0,900,900,0,0,8021,0,900,900,0,0,8029,0,900,900,0,0,8030,0,900,900,0,0,8028,0,900,900,0,0,8021,0,900,900,0,0,8027,0,900,900,0,0,8021,0,900,900,0,0,8027,0,900,900,0,0,8023,0,900,900,0,0,8021,0,900,900,0,0,8028,0,900,900,0,0,8021,0,900,900,0,0,8025,0,900,900,0,0,8030,0
freecell-strips-typed/instances/instance-14.lp,900,900,0,0,8029,0,900,900,0,0,8027,0,900,900,0,0,8029,0,900,900,0,0,8028,0,900,900,0,0,8028,0,900,900,0,0,8028,0,900,900,0,0,8029,0,900,900,0,0,8028,0,900,900,0,0,8028,0,900,900,0,0,8027,0,900,900,0,0,8002,0,900,900,0,0,8022,0,900,900,0,0,8002,0,900,900,0,0,8028,0,900,900,0,0,8029,0
freecell-strips-typed/instances/instance-15.lp,900,900,0,0,8028,0,900,900,0,0,8025,0,900,900,0,0,8020,0,900,900,0,0,8027,0,900,900,0,0,8027,0,900,900,0,0,8021,0,900,900,0,0,8028,0,900,900,0,0,8028,0,900,900,0,0,8022,0,900,900,0,0,8028,0,900,900,0,0,8016,0,900,900,0,0,8030,0,900,900,0,0,8016,0,900,900,0,0,8027,0,900,900,0,0,8030,0
freecell-strips-typed/instances/instance-19.lp,900,900,0,0,8003,0,900,900,0,0,8044,0,900,900,0,0,8045,0,900,900,0,0,8000,0,900,900,0,0,8000,0,900,900,0,0,8043,0,900,900,0,0,8000,0,900,900,0,0,8001,0,900,900,0,0,8003,0,900,900,0,0,8036,0,900,900,0,0,8000,0,900,900,0,0,8039,0,900,900,0,0,8000,0,900,900,0,0,8003,0,900,900,0,0,8045,0
freecell-strips-typed/instances/instance-2.lp,900,900,0,0,8175,0,900,900,0,0,8159,0,900,900,0,0,8120,0,900,900,0,0,8175,0,900,900,0,0,8060,0,900,900,0,0,8142,0,900,900,0,0,8008,0,900,900,0,0,8091,0,900,900,0,0,8202,0,900,900,0,0,8191,0,900,900,0,0,8119,0,900,900,0,0,8193,0,900,900,0,0,8008,0,900,900,0,0,8150.5,0,900,900,0,0,8202,0
freecell-strips-typed/instances/instance-3.lp,900,900,0,0,8003,0,900,900,0,0,8193,0,900,900,0,0,8015,0,900,900,0,0,8073,0,900,900,0,0,8019,0,900,900,0,0,8011,0,900,900,0,0,8215,0,900,900,0,0,8121,0,900,900,0,0,8170,0,900,900,0,0,8133,0,900,900,0,0,8211,0,900,900,0,0,8152,0,900,900,0,0,8003,0,900,900,0,0,8127,0,900,900,0,0,8215,0
freecell-strips-typed/instances/instance-4.lp,900,900,0,0,8170,0,900,900,0,0,8159,0,900,900,0,0,8064,0,900,900,0,0,8159,0,900,900,0,0,8016,0,900,900,0,0,8220,0,900,900,0,0,8020,0,900,900,0,0,8019,0,900,900,0,0,8049,0,900,900,0,0,8168,0,900,900,0,0,8120,0,900,900,0,0,8050,0,900,900,0,0,8016,0,900,900,0,0,8092,0,900,900,0,0,8220,0
freecell-strips-typed/instances/instance-5.lp,900,900,0,0,8161,0,900,900,0,0,8056,0,900,900,0,0,8157,0,900,900,0,0,8134,0,900,900,0,0,8155,0,900,900,0,0,8104,0,900,900,0,0,8167,0,900,900,0,0,8050,0,900,900,0,0,8211,0,900,900,0,0,8149,0,900,900,0,0,8064,0,900,900,0,0,8190,0,900,900,0,0,8050,0,900,900,0,0,8152,0,900,900,0,0,8211,0
freecell-strips-typed/instances/instance-6.lp,900,900,0,0,8031,0,900,900,0,0,8030,0,900,900,0,0,8127,0,900,900,0,0,8121,0,900,900,0,0,8130,0,900,900,0,0,8030,0,900,900,0,0,8093,0,900,900,0,0,8128,0,900,900,0,0,8013,0,900,900,0,0,8076,0,900,900,0,0,8130,0,900,900,0,0,8077,0,900,900,0,0,8013,0,900,900,0,0,8085,0,900,900,0,0,8130,0
freecell-strips-typed/instances/instance-7.lp,900,900,0,0,8096,0,900,900,0,0,8094,0,900,900,0,0,8098,0,900,900,0,0,8007,0,900,900,0,0,8034,0,900,900,0,0,8089,0,900,900,0,0,8004,0,900,900,0,0,8096,0,900,900,0,0,8093,0,900,900,0,0,8096,0,900,900,0,0,8045,0,900,900,0,0,8093,0,900,900,0,0,8004,0,900,900,0,0,8093,0,900,900,0,0,8098,0
freecell-strips-typed/instances/instance-8.lp,900,900,0,0,8095,0,900,900,0,0,8091,0,900,900,0,0,8016,0,900,900,0,0,8093,0,900,900,0,0,8048,0,900,900,0,0,8090,0,900,900,0,0,8052,0,900,900,0,0,8048,0,900,900,0,0,8089,0,900,900,0,0,8094,0,900,900,0,0,8089,0,900,900,0,0,8095,0,900,900,0,0,8016,0,900,900,0,0,8089.5,0,900,900,0,0,8095,0
freecell-strips-typed/instances/instance-9.lp,900,900,0,0,8132,0,900,900,0,0,8129,0,900,900,0,0,8027,0,900,900,0,0,8022,0,900,900,0,0,8132,0,900,900,0,0,8127,0,900,900,0,0,8095,0,900,900,0,0,8014,0,900,900,0,0,8131,0,900,900,0,0,8132,0,900,900,0,0,8132,0,900,900,0,0,8020,0,900,900,0,0,8014,0,900,900,0,0,8128,0,900,900,0,0,8132,0
grid-round-2-strips/instances/instance-1.lp,111.73,108.301,283,106,1963,0,112.05,108.977,173,73,1961,0,110.74,107.612,251,96,1959,3,115.48,112.198,173,73,1959,0,115.2,111.872,251,96,1959,3,111.51,107.984,289,113,1958,1,109.96,106.412,251,96,1959,3,115.14,111.844,289,113,1959,1,111.77,108.175,251,96,1959,3,111.6,108.41,289,113,1956,1,110.71,107.5,251,96,1958,3,110.25,107.133,289,113,1957,1,109.96,106.412,173,73,1956,0,111.665,108.238,251,96,1959,1,115.48,112.198,289,113,1963,3
grid-round-2-strips/instances/instance-2.lp,363.12,347.655,377061,7338,5827,0,345.66,331.708,11405,2366,5812,0,357.36,342.561,274429,7528,5787,65,371.39,344.151,13334,3148,6456,10,358,342.928,274429,7528,5787,65,372.72,359.603,13335,3149,5808,12,348.28,333.811,274429,7528,5786,65,351.86,336.475,13114,3065,5807,7,352.76,337.842,118295,3293,5771,50,344.22,329.007,13114,3065,5809,8,355.55,340.324,361078,7972,5773,62,347.65,332.3,13098,3064,5806,9,344.22,329.007,11405,2366,5771,0,354.155,339.083,65815,3221,5806.5,11,372.72,359.603,377061,7972,6456,65
gripper-round-1-strips/instances/instance-10.lp,900,900,12240598,8937278,67,0,900,900,22356989,6001340,75,0,900,900,9680432,7143660,86,0,900,900,,,113,0,900,900,10145837,7350988,120,0,900,900,11450363,4711672,103,0,900,900,10942816,8093224,77,0,900,900,19732257,5652753,81,0,900,900,10285389,7809487,70,0,900,900,19393253,5728594,87,0,900,900,11218922,8210723,66,0,900,900,20927455,5797301,80,0,900,900,9680432,4711672,66,0,900,900,11450363,7143660,80.5,0,900,900,22356989,8937278,120,0
gripper-round-1-strips/instances/instance-11.lp,900,900,11495637,8343891,68,0,900,900,13973205,5068273,108,0,900,900,10668115,7838292,79,0,900,900,21452762,5567435,87,0,900,900,9973229,7242258,115,0,900,900,10407380,4231122,114,0,900,900,10389251,7733913,79,0,900,900,11958093,4519916,104,0,900,900,9999109,7594696,73,0,900,900,15203145,4901412,95,0,900,900,10066584,7502057,73,0,900,900,19028168,5423718,86,0,900,900,9973229,4231122,68,0,900,900,11081876,6404846.5,86.5,0,900,900,21452762,8343891,115,0
gripper-round-1-strips/instances/instance-12.lp,900,900,11243580,8160680,75,0,900,900,10006437,4120240,126,0,900,900,10275955,7304418,104,0,900,900,,,126,0,900,900,10462590,7544980,114,0,900,900,14686445,4628320,102,0,900,900,11068937,8018069,73,0,900,900,10475480,4581823,122,0,900,900,11522547,8341497,66,0,900,900,10056610,3994881,117,0,900,900,11345508,8040567,84,0,900,900,9271244,3864136,129,0,900,900,9271244,3864136,66,0,900,900,10475480,7304418,109,0,900,900,14686445,8341497,129,0
gripper-round-1-strips/instances/instance-13.lp,900,900,9962190,7341373,80,0,900,900,9899577,3925124,128,0,900,900,9914421,7206555,94,0,900,900,,,131,0,900,900,9937730,7125373,114,0,900,900,16522690,4715786,119,0,900,900,10827059,7747382,91,0,900,900,11092417,4103306,125,0,900,900,10543769,7663718,81,0,900,900,14130247,4342981,115,0,900,900,10126464,7266712,92,0,900,900,19302059,5020039,99,0,900,900,9899577,3925124,80,0,900,900,10543769,7125373,106.5,0,900,900,19302059,7747382,131,0
gripper-round-1-strips/instances/instance-14.lp,900,900,11021155,7926269,82,0,900,900,11668894,4329859,128,0,900,900,9922392,6953697,107,0,900,900,17266395,4406056,106,0,900,900,9709379,6896463,114,0,900,900,14997645,4333815,123,0,900,900,10503266,7581160,86,0,900,900,21722190,5034440,102,0,900,900,10229903,7426355,81,0,900,900,11601460,4267497,129,0,900,900,9921595,6988137,98,0,900,900,9557843,3647542,147,0,900,900,9557843,3647542,81,0,900,900,10762210.5,5965451.5,106.5,0,900,900,21722190,7926269,147,0
gripper-round-1-strips/instances/instance-15.lp,900,900,9133825,6686615,86,0,900,900,8308439,3211756,156,0,900,900,9711458,6873875,112,0,900,900,,,106,0,900,900,9316226,6615114,123,0,900,900,16300666,4226737,108,0,900,900,9974173,7058435,93,0,900,900,10738024,3647111,135,0,900,900,10588231,7638500,85,0,900,900,12403695,3674950,139,0,900,900,10299274,7328875,97,0,900,900,16128215,4268650,116,0,900,900,8308439,3211756,85,0,900,900,10299274,6615114,110,0,900,900,16300666,7638500,156,0
gripper-round-1-strips/instances/instance-16.lp,900,900,9097137,6639689,97,0,900,900,7849227,3031190,159,0,900,900,8753253,6392922,108,0,900,900,,,148,0,900,900,8316443,6089377,106,0,900,900,11147655,3775286,135,0,900,900,9610401,6953645,97,0,900,900,15637307,4158979,137,0,900,900,8551135,6274150,82,0,900,900,19900735,4467530,114,0,900,900,9635130,6840405,103,0,900,900,16467796,4038568,125,0,900,900,7849227,3031190,82,0,900,900,9610401,6089377,111,0,900,900,19900735,6953645,159,0
gripper-round-1-strips/instances/instance-17.lp,900,900,9401024,6804440,92,0,900,900,15867704,3892638,135,0,900,900,9181774,6554385,115,0,900,900,18685903,4236537,111,0,900,900,8708401,6278539,112,0,900,900,13401979,3670358,139,0,900,900,9283896,6713121,89,0,900,900,13241283,3679949,149,0,900,900,9699868,6994772,87,0,900,900,11989500,3424585,137,0,900,900,9357823,6586916,103,0,900,900,17736229,4133441,121,0,900,900,8708401,3424585,87,0,900,900,10844684,5257538,113.5,0,900,900,18685903,6994772,149,0
gripper-round-1-strips/instances/instance-18.lp,900,900,8750304,6422485,98,0,900,900,9080955,3179893,165,0,900,900,8479636,6164157,110,0,900,900,20395267,3969558,119,0,900,900,8431380,6010607,140,0,900,900,11228790,3585542,156,0,900,900,9538402,6786753,106,0,900,900,7932517,2668198,168,0,900,900,8359101,6171868,90,0,900,900,22158020,4139517,115,0,900,900,8974144,6553866,95,0,900,900,14682897,3471766,141,0,900,900,7932517,2668198,90,0,900,900,9027549.5,5075062,117,0,900,900,22158020,6786753,168,0
gripper-round-1-strips/instances/instance-19.lp,900,900,8939213,6465816,102,0,900,900,19326096,3773824,132,0,900,900,8621811,6083552,126,0,900,900,14357059,3371153,152,0,900,900,8768889,6296834,116,0,900,900,23006625,4244725,112,0,900,900,8984686,6487012,100,0,900,900,21848517,4072772,121,0,900,900,9206713,6661323,97,0,900,900,12669187,3518878,152,0,900,900,11766523,7164501,115,0,900,900,19456849,3973145,136,0,900,900,8621811,3371153,97,0,900,900,12217855,5164138.5,118.5,0,900,900,23006625,7164501,152,0
gripper-round-1-strips/instances/instance-20.lp,900,900,8243274,5971955,108,0,900,900,9990456,3145369,179,0,900,900,8096298,5684676,130,0,900,900,,,153,0,900,900,8611012,6152203,144,0,900,900,10907663,3116357,190,0,900,900,10520181,6286048,110,0,900,900,8712086,2772507,187,0,900,900,8551246,6198764,97,0,900,900,9980843,2919230,181,0,900,900,9411653,6274170,127,0,900,900,10060142,2982789,174,0,900,900,8096298,2772507,97,0,900,900,9411653,5684676,148.5,0,900,900,10907663,6286048,190,0
gripper-round-1-strips/instances/instance-4.lp,17.76,17.258,328264,245329,40,0,900,900,25125933,8584221,58,0,16.23,15.33,250152,186322,62,916,900,900,,,57,0,22.04,20.947,308369,228344,68,1172,900,900,25300887,8596921,61,0,15.12,14.575,254065,185340,48,500,900,900,26748729,8898458,54,0,37.91,37.378,626840,490025,38,134,900,900,26907363,8813052,54,0,26.43,25.638,431009,321219,48,592,900,900,26897918,8694784,54,0,15.12,14.575,250152,185340,38,0,468.955,468.689,626840,490025,54,0,900,900,26907363,8898458,68,1172
gripper-round-1-strips/instances/instance-5.lp,900,900,13307282,10084229,59,0,900,900,22276150,7541757,63,0,900,900,12781570,9474550,68,0,900,900,21602530,7352158,62,0,444.26,442.425,6411937,4677162,93,1500,900,900,16884440,7127253,64,0,534.73,534.087,8200128,6057196,63,500,900,900,18447932,7223602,69,0,900,900,12895489,9738459,60,0,900,900,16206108,6712262,69,0,794.45,793.52,12270178,9014254,68,666,900,900,19102465,7400357,67,0,444.26,442.425,6411937,4677162,59,0,900,900,14756695,7376257.5,65.5,0,900,900,22276150,10084229,93,1500
gripper-round-1-strips/instances/instance-6.lp,900,900,13928586,10242031,59,0,900,900,19409729,6696637,76,0,900,900,11213341,8496077,77,0,900,900,,,74,0,900,900,11576518,8435007,99,0,900,900,11733233,6020237,90,0,900,900,12724992,9443154,69,0,900,900,10972217,5152957,81,0,900,900,12955076,9701118,57,0,900,900,10595491,5533727,82,0,900,900,12796453,9447184,74,0,900,900,21094367,7080545,65,0,900,900,10595491,5152957,57,0,900,900,12724992,8435007,75,0,900,900,21094367,10242031,99,0
gripper-round-1-strips/instances/instance-7.lp,900,900,13264686,9829560,61,0,900,900,21570064,6781108,68,0,900,900,11736559,8601393,87,0,900,900,13898694,6006096,79,0,900,900,10800274,8014143,105,0,900,900,9472119,4605170,99,0,900,900,12215493,8980271,78,0,900,900,23197915,6973926,67,0,900,900,11515844,8728526,59,0,900,900,17367383,6412454,76,0,900,900,12200206,9016445,67,0,900,900,21347390,6829944,68,0,900,900,9472119,4605170,59,0,900,900,12740089.5,7494034.5,72,0,900,900,23197915,9829560,105,0
gripper-round-1-strips/instances/instance-8.lp,900,900,11837937,8827060,68,0,900,900,24575443,6992904,76,0,900,900,11420265,8336857,90,0,900,900,10368773,4832380,89,0,900,900,10861742,7879723,107,0,900,900,16390987,5973384,83,0,900,900,11960432,8836345,70,0,900,900,12877243,5640554,87,0,900,900,12220431,9154682,57,0,900,900,19225282,6368124,80,0,900,900,12057523,8732920,77,0,900,900,20868500,6503637,74,0,900,900,10368773,4832380,57,0,900,900,12138977,7436313.5,78.5,0,900,900,24575443,9154682,107,0
gripper-round-1-strips/instances/instance-9.lp,900,900,12169099,8991799,72,0,900,900,10134123,4758103,100,0,900,900,10431805,7602768,93,0,900,900,,,103,0,900,900,10136373,7566621,80,0,900,900,21482804,6214060,76,0,900,900,10922745,8204941,71,0,900,900,20410799,6067685,76,0,900,900,10516866,8053077,64,0,900,900,8914796,4070513,101,0,900,900,10985291,8062586,73,0,900,900,18194521,5758581,81,0,900,900,8914796,4070513,64,0,900,900,10922745,7566621,78,0,900,900,21482804,8991799,103,0
logistics-round-1-strips/instances/instance-1.lp,1.3,1.178,215,11,41,0,1.29,1.187,255,17,41,0,1.56,1.333,215,11,43,0,1.37,1.251,255,17,43,0,1.65,1.427,215,11,43,0,1.29,1.175,255,17,42,0,1.43,1.328,215,11,42,0,1.29,1.18,255,17,41,0,1.26,1.152,215,11,42,0,1.32,1.209,255,17,41,0,1.25,1.145,215,11,42,0,1.52,1.4,255,17,41,0,1.25,1.145,215,11,41,0,1.31,1.198,235,14,42,0,1.65,1.427,255,17,43,0
logistics-round-1-strips/instances/instance-10.lp,149.73,145.032,51069,1066,2878,0,151.57,146.883,24529,1039,2885,0,193.32,188.484,154029,55934,2884,179,148.87,144.293,30924,1057,2882,106,195.37,191.078,154029,55934,2880,179,145.22,140.847,30924,1057,2882,106,189.57,185.185,154029,55934,2883,179,150.02,145.31,30924,1057,2883,106,150.77,146.284,64205,1394,2883,114,147.1,142.46,32172,1405,2885,73,151.35,147.026,21149,2779,2885,169,146.15,141.852,28135,1333,2885,103,145.22,140.847,21149,1039,2878,0,150.395,145.797,31548,1363.5,2883,106,195.37,191.078,154029,55934,2885,179
logistics-round-1-strips/instances/instance-11.lp,6.75,6.507,706,31,165,0,6.7,6.458,1403,54,163,0,6.65,6.401,706,31,164,0,6.63,6.394,1403,54,166,0,6.67,6.421,706,31,161,0,7.14,6.919,1403,54,168,0,6.82,6.565,706,31,161,0,6.56,6.35,1403,54,163,0,6.59,6.356,706,31,165,0,7.12,6.878,1403,54,166,0,6.65,6.41,706,31,164,0,6.86,6.504,1403,54,163,0,6.56,6.35,706,31,161,0,6.685,6.4395,1054.5,42.5,164,0,7.14,6.919,1403,54,168,0
logistics-round-1-strips/instances/instance-12.lp,401.9,392.091,7778,173,7550,0,402.82,393.197,5672,94,7550,0,463.22,453.893,7778,173,7549,0,401.34,391.754,5672,94,7553,0,407.12,397.589,7778,173,7551,0,405.22,395.546,5672,94,7554,0,417.24,408.036,7778,173,7553,0,419.17,407.732,5672,94,7551,0,398.34,388.785,7778,173,7549,0,397.87,388.507,5672,94,7550,0,391.07,381.98,7778,173,7549,0,393.72,384.073,5672,94,7548,0,391.07,381.98,5672,94,7548,0,402.36,392.644,6725,133.5,7550,0,463.22,453.893,7778,173,7554,0
logistics-round-1-strips/instances/instance-13.lp,900,900,0,0,8164,0,900,900,0,0,8041,0,900,900,0,0,8206,0,900,900,0,0,8193,0,900,900,0,0,8052,0,900,900,0,0,8139,0,900,900,0,0,8134,0,900,900,0,0,8207,0,900,900,0,0,8110,0,900,900,0,0,8104,0,900,900,0,0,8032,0,900,900,0,0,8185,0,900,900,0,0,8032,0,900,900,0,0,8136.5,0,900,900,0,0,8207,0
logistics-round-1-strips/instances/instance-14.lp,127.48,124.701,10768,257,2555,0,130.86,127.914,14993,263,2559,0,125.17,122.167,10768,257,2558,0,127.07,124.101,14993,263,2559,0,132.28,129.224,10768,257,2558,0,126.14,123.555,14993,263,2561,0,128.43,125.089,10768,257,2556,0,129.66,126.582,14993,263,2560,0,135.76,132.992,10768,257,2557,0,127.39,124.524,14993,263,2560,0,126.53,123.432,10768,257,2554,0,125.28,122.454,14993,263,2558,0,125.17,122.167,10768,257,2554,0,127.435,124.6125,12880.5,260,2558,0,135.76,132.992,14993,263,2561,0
logistics-round-1-strips/instances/instance-15.lp,9.02,8.709,7955,1264,225,0,9.49,9.148,22987,1748,225,0,9.13,8.666,5173,1017,227,17,9.47,9.092,17600,1072,224,6,8.93,8.504,5173,1017,227,17,9.13,8.789,12490,596,224,12,9.07,8.726,5173,1017,225,17,9.08,8.727,12490,596,225,12,9.22,8.852,5173,1017,225,17,9.09,8.741,12490,596,225,12,9.33,8.958,5173,1017,226,17,9.02,8.675,12490,596,225,12,8.93,8.504,5173,596,224,0,9.11,8.734,10222.5,1017,225,12,9.49,9.148,22987,1748,227,17
logistics-round-1-strips/instances/instance-16.lp,119.99,115.602,10475,219,2382,0,117.31,114.595,8611,225,2384,0,121.82,117.128,10475,219,2381,0,116.08,113.514,8611,225,2383,0,116.48,112.449,10475,219,2379,0,116.61,114.074,8611,225,2381,0,118.96,114.777,10475,219,2379,0,118.19,115.377,8611,225,2380,0,117.45,113.345,10475,219,2380,0,125.22,122.66,8611,225,2385,0,131.79,127.772,10475,219,2382,0,119.44,116.632,8611,225,2377,0,116.08,112.449,8611,219,2377,0,118.575,115.077,9543,222,2381,0,131.79,127.772,10475,225,2385,0
logistics-round-1-strips/instances/instance-17.lp,24.52,23.867,4678,159,526,0,24.74,24.098,2830,142,525,0,25.15,24.476,4678,159,525,0,25.22,24.584,2830,142,528,0,26.02,25.246,4678,159,525,0,24.19,23.557,2830,142,527,0,24.45,23.824,4678,159,518,0,24.37,23.724,2830,142,518,0,24.37,23.796,4678,159,525,0,24.84,24.181,2830,142,528,0,25.48,24.848,4678,159,527,0,25.37,24.708,2830,142,516,0,24.19,23.557,2830,142,516,0,24.79,24.1395,3754,150.5,525,0,26.02,25.246,4678,159,528,0
logistics-round-1-strips/instances/instance-19.lp,900,900,1941842,1239455,7584,0,900,900,20785783,720895,7503,0,900,900,1982649,1268437,7581,0,900,900,,,7509,0,900,900,1899869,1210833,7575,0,900,900,20698487,717186,7505,0,900,900,1936122,1236212,7581,0,900,900,20857398,724022,7504,0,900,900,1963512,1253600,7580,0,900,900,20781795,720719,7506,0,900,900,1997809,1278824,7575,0,900,900,20991403,730376,7505,0,900,900,1899869,717186,7503,0,900,900,1997809,1210833,7542,0,900,900,20991403,1278824,7584,0
logistics-round-1-strips/instances/instance-2.lp,5.82,5.595,787,59,143,0,5.99,5.772,890,43,137,0,5.96,5.628,787,59,136,0,6.02,5.807,890,43,143,0,5.82,5.594,787,59,142,0,5.8,5.604,890,43,143,0,5.84,5.631,787,59,139,0,6.07,5.849,890,43,138,0,5.83,5.623,787,59,140,0,6,5.789,890,43,143,0,6.08,5.871,787,59,137,0,5.85,5.638,890,43,139,0,5.8,5.594,787,43,136,0,5.905,5.6345,838.5,51,139.5,0,6.08,5.871,890,59,143,0
logistics-round-1-strips/instances/instance-21.lp,900,900,0,0,8002,0,900,900,0,0,8002,0,900,900,0,0,8003,0,900,900,0,0,8002,0,900,900,0,0,8003,0,900,900,0,0,8007,0,900,900,0,0,8001,0,900,900,0,0,8005,0,900,900,0,0,8001,0,900,900,0,0,8001,0,900,900,0,0,8002,0,900,900,0,0,8004,0,900,900,0,0,8001,0,900,900,0,0,8002,0,900,900,0,0,8007,0
logistics-round-1-strips/instances/instance-23.lp,36,34.808,18402,1062,783,0,35.74,34.645,22852,945,784,0,35.1,33.978,11493,881,787,253,36.92,34.136,16779,787,787,154,35.97,34.705,11493,881,786,253,35.12,33.972,16779,787,787,154,35.91,34.673,11605,958,786,231,35.15,34.076,19723,913,786,144,35.38,34.185,23797,1046,785,120,36.03,34.913,15500,790,786,100,35.5,34.343,23764,1398,786,218,36.68,35.551,19068,880,786,144,35.1,33.972,11493,787,783,0,35.825,34.494,17590.5,897,786,149,36.92,35.551,23797,1398,787,253
logistics-round-1-strips/instances/instance-24.lp,404.12,392.589,7694,202,7531,0,417.08,407.44,9284,181,7528,0,408.23,398.326,7694,202,7528,0,398.62,388.621,9284,181,7534,0,395.08,385.165,7694,202,7531,0,411.71,401.493,9284,181,7529,0,422.97,413.313,7694,202,7529,0,416.99,407.308,9284,181,7534,0,399.79,389.887,7694,202,7530,0,397.37,387.319,9284,181,7529,0,405.04,394.068,7694,202,7531,0,395.59,386.019,9284,181,7532,0,395.08,385.165,7694,181,7528,0,404.58,393.3285,8489,191.5,7530.5,0,422.97,413.313,9284,202,7534,0
logistics-round-1-strips/instances/instance-3.lp,21.82,21.209,839,84,463,0,22.29,21.748,2121,67,464,0,22.93,22.34,839,84,464,0,21.62,21.037,2121,67,464,0,21.72,21.023,839,84,464,0,21.45,20.869,2121,67,471,0,22.66,22.076,839,84,472,0,22.29,21.702,2121,67,471,0,21.82,21.224,839,84,461,0,21.52,20.943,2121,67,464,0,22.84,22.285,839,84,473,0,21.73,21.141,2121,67,462,0,21.45,20.869,839,67,461,0,21.82,21.2165,1480,75.5,464,0,22.93,22.34,2121,84,473,0
logistics-round-1-strips/instances/instance-4.lp,39.15,38.152,2816,152,825,0,40.15,39.254,3897,84,827,0,39.84,38.869,2816,152,825,0,40.18,39.209,3897,84,830,0,39.46,38.382,2816,152,827,0,39.45,38.463,3897,84,830,0,38.36,37.46,2816,152,825,0,38.8,37.834,3897,84,826,0,38.53,37.638,2816,152,826,0,39.1,38.098,3897,84,827,0,38.37,37.436,2816,152,826,0,39.19,38.251,3897,84,826,0,38.36,37.436,2816,84,825,0,39.17,38.2015,3356.5,118,826,0,40.18,39.254,3897,152,830,0
logistics-round-1-strips/instances/instance-6.lp,51.6,50.03,2990,195,1131,0,52.78,51.207,5593,280,1136,0,51.64,50.122,4196,448,1134,27,53.04,51.416,8227,522,1137,30,51.51,49.871,4196,448,1132,27,53.75,52.123,8227,522,1135,30,52.09,50.535,4196,448,1132,27,55.82,54.133,8227,522,1136,30,52.47,50.899,5714,777,1133,18,52.31,50.704,8063,404,1134,26,52.24,50.662,4196,448,1132,27,53.65,52.004,8227,522,1136,30,51.51,49.871,2990,195,1131,0,52.39,50.8015,5653.5,448,1134,27,55.82,54.133,8227,777,1137,30
logistics-round-1-strips/instances/instance-7.lp,13.98,13.569,1157,84,307,0,14.04,13.669,1552,53,308,0,13.94,13.532,1157,84,311,0,14.1,13.692,1552,53,306,0,14.12,13.701,1157,84,305,0,13.91,13.548,1552,53,313,0,14.12,13.697,1157,84,305,0,13.7,13.334,1552,53,312,0,13.9,13.48,1157,84,304,0,14.42,14,1552,53,304,0,13.72,13.339,1157,84,311,0,13.88,13.467,1552,53,306,0,13.7,13.334,1157,53,304,0,13.96,13.5585,1354.5,68.5,306.5,0,14.42,14,1552,84,313,0
logistics-round-1-strips/instances/instance-8.lp,66.79,65.206,3997,292,1351,0,67.19,65.581,1781,65,1348,0,67.02,65.321,3997,292,1348,0,66.68,64.846,1781,65,1349,0,65.35,63.654,3997,292,1349,0,65.58,64.081,1781,65,1351,0,65.27,63.597,3997,292,1348,0,65.82,64.127,1781,65,1351,0,65.69,64.115,3997,292,1350,0,65.63,64.043,1781,65,1348,0,65.27,63.649,3997,292,1348,0,64.92,63.131,1781,65,1348,0,64.92,63.131,1781,65,1348,0,65.66,64.098,2889,178.5,1348.5,0,67.19,65.581,3997,292,1351,0
logistics-round-1-strips/instances/instance-9.lp,89.75,87.195,11428,1254,1801,0,91.65,89.231,12097,460,1804,0,90.04,87.32,11649,1235,1806,254,89.96,87.118,10777,447,1808,163,88.73,85.856,11649,1235,1808,254,89.05,86.174,10777,447,1806,163,89.34,86.832,6674,1162,1804,193,87.86,85.212,10777,447,1804,163,90.48,87.673,17696,1535,1803,144,89.32,86.578,11307,451,1806,145,89.49,86.551,12377,1280,1806,225,89.85,87.353,10777,447,1803,160,87.86,85.212,6674,447,1801,0,89.62,86.975,11367.5,811,1805,163,91.65,89.231,17696,1535,1808,254
mystery-round-1-strips/instances/instance-10.lp,900,900,0,0,8055,0,900,900,0,0,8055,0,900,900,0,0,8051,0,900,900,0,0,8054,0,900,900,0,0,8051,0,900,900,0,0,8057,0,900,900,0,0,8048,0,900,900,0,0,8048,0,900,900,0,0,8055,0,900,900,0,0,8055,0,900,900,0,0,8048,0,900,900,0,0,8055,0,900,900,0,0,8048,0,900,900,0,0,8054.5,0,900,900,0,0,8057,0
mystery-round-1-strips/instances/instance-13.lp,900,900,0,0,8181,0,900,900,0,0,8162,0,900,900,0,0,8174,0,900,900,0,0,8041,0,900,900,0,0,8065,0,900,900,0,0,8159,0,900,900,0,0,8177,0,900,900,0,0,8084,0,900,900,0,0,8032,0,900,900,0,0,8067,0,900,900,0,0,8190,0,900,900,0,0,8132,0,900,900,0,0,8032,0,900,900,0,0,8145.5,0,900,900,0,0,8190,0
mystery-round-1-strips/instances/instance-15.lp,900,900,0,0,8091,0,900,900,0,0,8036,0,900,900,0,0,8141,0,900,900,0,0,8051,0,900,900,0,0,8050,0,900,900,0,0,8094,0,900,900,0,0,8053,0,900,900,0,0,8092,0,900,900,0,0,8069,0,900,900,0,0,8017,0,900,900,0,0,8196,0,900,900,0,0,8078,0,900,900,0,0,8017,0,900,900,0,0,8073.5,0,900,900,0,0,8196,0
mystery-round-1-strips/instances/instance-17.lp,900,900,0,0,8192,0,900,900,0,0,8124,0,900,900,0,0,8136,0,900,900,0,0,8042,0,900,900,0,0,8058,0,900,900,0,0,8168,0,900,900,0,0,8162,0,900,900,0,0,8061,0,900,900,0,0,8148,0,900,900,0,0,8106,0,900,900,0,0,8180,0,900,900,0,0,8178,0,900,900,0,0,8042,0,900,900,0,0,8142,0,900,900,0,0,8192,0
mystery-round-1-strips/instances/instance-19.lp,330.72,322.754,816,276,6499,0,334.94,327.41,2785,422,6504,0,336.65,328.626,1614,591,6502,17,348.21,340.131,421,49,6498,1,339.34,331.486,1614,591,6497,17,346.13,337.785,421,49,6498,1,336.58,328.422,1614,591,6503,17,358.82,350.633,421,49,6501,1,340.84,332.731,2375,1097,6498,11,336.37,328.819,421,49,6501,1,340.64,332.488,1614,591,6501,14,354.63,347.705,421,49,6500,1,330.72,322.754,421,49,6497,0,339.99,331.987,1215,349,6500.5,1,358.82,350.633,2785,1097,6504,17
mystery-round-1-strips/instances/instance-2.lp,122.95,121.006,611,194,2414,0,122.75,120.406,211,60,2414,0,122.55,120.667,611,194,2414,0,124.74,122.491,211,60,2419,0,123.7,121.54,611,194,2418,0,125.64,123.057,211,60,2420,0,133.92,131.844,611,194,2418,0,121.59,119.496,211,60,2413,0,121.7,119.392,611,194,2418,0,122.76,120.561,211,60,2414,0,121.31,118.959,611,194,2417,0,121.11,118.939,211,60,2414,0,121.11,118.939,211,60,2413,0,122.755,120.614,411,127,2415.5,0,133.92,131.844,611,194,2420,0
mystery-round-1-strips/instances/instance-20.lp,354.29,346.462,3817,750,6610,0,347.59,340.049,484,82,6614,0,340,332.884,32715,8590,6614,7,333.12,325.118,484,82,6614,0,344.44,335.757,32715,8590,6615,7,355.29,347.969,484,82,6615,0,355.09,347.609,32715,8590,6615,7,351.81,343.589,484,82,6614,0,333.67,326.856,32715,8590,6612,7,350.58,342.441,484,82,6615,0,350.11,342.206,32715,8590,6617,7,335.44,327.809,484,82,6609,0,333.12,325.118,484,82,6609,0,348.85,341.1275,2150.5,416,6614,0,355.29,347.969,32715,8590,6617,7
mystery-round-1-strips/instances/instance-26.lp,30.2,29.505,3074,1241,615,0,28.56,27.944,247,32,607,0,29.44,28.698,549,216,613,4,28.99,28.316,247,32,611,0,28.49,27.805,549,216,614,4,29.17,28.439,247,32,612,0,29.33,28.613,549,216,614,4,29.61,28.86,247,32,608,0,28.56,27.85,703,298,614,3,28.42,27.69,247,32,606,0,28.74,27.993,549,216,607,4,29,28.297,247,32,605,0,28.42,27.69,247,32,605,0,28.995,28.3065,398,124,611.5,0,30.2,29.505,3074,1241,615,4
mystery-round-1-strips/instances/instance-27.lp,15.65,15.312,161,57,354,0,15.65,15.315,90,13,351,0,15.72,15.401,161,57,350,0,15.43,15.095,90,13,352,0,15.61,15.28,161,57,354,0,16.03,15.672,90,13,351,0,15.77,15.438,161,57,350,0,15.6,15.255,90,13,351,0,15.78,15.437,161,57,354,0,15.65,15.304,90,13,351,0,16.26,15.923,161,57,350,0,15.8,15.47,90,13,350,0,15.43,15.095,90,13,350,0,15.685,15.358,125.5,35,351,0,16.26,15.923,161,57,354,0
mystery-round-1-strips/instances/instance-29.lp,26.5,25.98,26,2,534,0,26.26,25.704,50,11,536,0,25.46,24.928,26,2,539,0,26.57,26.063,50,11,538,0,25.05,24.53,26,2,536,0,25.95,25.405,50,11,536,0,25.89,25.367,26,2,535,0,26.8,26.272,50,11,536,0,25.5,24.977,26,2,540,0,26.1,25.554,50,11,537,0,25.02,24.489,26,2,535,0,25.53,24.989,50,11,537,0,25.02,24.489,26,2,534,0,25.92,25.386,38,6.5,536,0,26.8,26.272,50,11,540,0
mystery-round-1-strips/instances/instance-3.lp,28.15,27.637,52,6,583,0,28.72,28.11,56,8,584,0,29.24,28.634,52,6,586,0,28.72,28.103,56,8,584,0,28.13,27.524,52,6,583,0,28.04,27.447,56,8,586,0,28.18,27.602,52,6,584,0,27.7,27.185,56,8,583,0,28.09,27.481,52,6,583,0,27.83,27.209,56,8,586,0,28.03,27.455,52,6,585,0,28.06,27.476,56,8,582,0,27.7,27.185,52,6,582,0,28.11,27.5025,54,7,584,0,29.24,28.634,56,8,586,0
mystery-round-1-strips/instances/instance-30.lp,136.23,132.987,495,73,2698,0,138.35,135.582,454,71,2702,0,135.97,132.978,503,72,2704,10,135.21,132.751,507,71,2706,2,139.89,136.863,503,72,2702,10,136.06,133.075,507,71,2703,2,135.71,132.391,503,72,2699,10,136.58,133.293,507,71,2699,2,137.15,134.221,503,72,2700,7,135.67,132.678,507,71,2700,2,137.18,134.369,503,72,2703,10,135.34,132.448,507,71,2703,2,135.21,132.391,454,71,2698,0,136.145,133.031,503,71.5,2702,2,139.89,136.863,507,73,2706,10
mystery-round-1-strips/instances/instance-6.lp,900,900,0,0,8001,0,900,900,0,0,8005,0,900,900,0,0,8004,0,900,900,0,0,8003,0,900,900,0,0,8014,0,900,900,0,0,8004,0,900,900,0,0,8005,0,900,900,0,0,8001,0,900,900,0,0,8006,0,900,900,0,0,8003,0,900,900,0,0,8003,0,900,900,0,0,8003,0,900,900,0,0,8001,0,900,900,0,0,8003.5,0,900,900,0,0,8014,0
mystery-round-1-strips/instances/instance-9.lp,56.58,55.634,264,65,1127,0,56.82,55.642,72,19,1126,0,55.62,54.583,264,65,1130,0,63.76,62.709,72,19,1126,0,56.77,55.797,264,65,1126,0,55.71,54.716,72,19,1124,0,55.05,53.996,264,65,1125,0,54.92,53.879,72,19,1132,0,55.54,54.515,264,65,1126,0,55.5,54.553,72,19,1139,0,55.9,54.778,264,65,1126,0,55.13,54.106,72,19,1122,0,54.92,53.879,72,19,1122,0,55.665,54.6495,168,42,1126,0,63.76,62.709,264,65,1139,0
,,,,,,,,,,,,,,,,,,,,,,,,,,,,,,,,,,,,,,,,,,,,,,,,,,,,,,,,,,,,,,,,,,,,,,,,,,,,,,,,,,,,,,,,,,
SUM,54326.36,54168.664,287980710,192850701,293013,0,59504.57,59376.865,640983810,155693933,294815,0,50329.81,50166.328,253967877,158173316,293419,27934,62117.68,61229.565,238638167,70374635,299033,7607,49593.45,49418.372,242265628,149502374,293136,32778,61130.77,60999.446,528563764,168286115,295724,10352,49909.89,49761.317,262353673,162916856,292545,14792,59898.53,59769.871,544954159,165168420,294877,6182,50867.47,50709.355,271633001,168394165,292358,9116,59857.79,59726.052,555966799,161156795,294901,4156,49912.46,49748.885,264762660,163386990,292993,22571,61210.68,61085.182,590115404,172730341,295295,7760,48435.61,48274.973,191852598,92220792,290388,0,56834.915,56681.107,301126322,168927606,294028,7317.5,63378.6,62601.893,810381842,242671941,301497,36292
AVG,399.458529411765,398.299,2117505.22058824,1418019.86029412,2154.50735294118,0,437.533602941176,436.594595588235,4713116.25,1144808.33088235,2167.75735294118,0,370.072132352941,368.870058823529,1867410.86029412,1163039.08823529,2157.49264705882,205.397058823529,456.747647058824,450.217389705882,2111842.18584071,622784.380530973,2198.77205882353,55.9338235294118,364.657720588235,363.370382352941,1781364.91176471,1099282.16176471,2155.41176470588,241.014705882353,449.490955882353,448.525338235294,3886498.26470588,1237397.90441176,2174.44117647059,76.1176470588235,366.984485294118,365.892036764706,1929071.125,1197918.05882353,2151.06617647059,108.764705882353,440.430367647059,439.484345588235,4007015.875,1214473.67647059,2168.21323529412,45.4558823529412,374.025514705882,372.862904411765,1997301.47794118,1238192.38970588,2149.69117647059,67.0294117647059,440.130808823529,439.162147058824,4087991.16911765,1184976.43382353,2168.38970588235,30.5588235294118,367.003382352941,365.800625,1946784.26470588,1201374.92647059,2154.36029411765,165.963235294118,450.078529411765,449.15575,4339083.85294118,1270076.03676471,2171.28676470588,57.0588235294118,356.144191176471,354.963036764706,1410680.86764706,678094.058823529,2135.20588235294,0,417.903786764706,416.772845588235,2214164.13235294,1242114.75,2161.97058823529,53.8051470588235,466.019117647059,460.308036764706,5958690.01470588,1784352.50735294,2216.88970588235,266.852941176471
DEV,412.487746746008,413.004922050932,3983575.02197647,2831438.60083144,3113.56276336723,0,424.492043088491,425.045602469654,9008822.31795034,2145114.78084515,3107.93523812675,0,409.536745716983,410.064825792301,3755087.46456998,2526218.83001131,3105.87201328524,347.955430935072,415.322145262607,420.823224607201,5364486.78625582,1580257.55570613,3093.97670025681,175.529683137381,407.928591223671,408.505331009851,3614953.0984828,2411523.0757965,3097.31594788871,459.924421895825,420.272069730283,420.804655750547,6696915.09205599,2162190.50831073,3108.76182275005,229.579198271244,404.212152361566,404.636051063676,3851028.74257274,2597222.20002244,3106.7286026306,169.768218257374,420.399971902258,420.913045013098,7255756.56985646,2195731.90500683,3101.98081854778,115.872590799011,412.03811619768,412.546182920506,3912534.9137499,2688046.14081803,3110.9790658836,107.516334068379,422.335395177033,422.898042033994,7441811.54863524,2148497.23871409,3107.16363972698,70.6459890823284,408.343362253659,408.839915456693,3959569.53737007,2660486.87182148,3110.70127540112,299.067449547899,421.123448957102,421.66360543584,7493385.03491998,2230908.7397061,3109.12847597519,166.428307986792,407.51091779704,408.0219734105,3064821.31284317,1503957.75579767,3093.20580703998,0,415.03062059925,415.610887878267,4037937.12025185,2405468.94000141,3108.55237879646,138.283112340216,414.210704125991,419.082425955994,9747645.1049151,3070775.68671784,3110.21121510419,476.245152080496
DST,1859.27806589009,1863.34482115227,23518997.2639685,19955691.9338811,484.647294431734,0,2829.95958437572,2838.94027472048,95983792.037698,16519574.7096166,699.756386180219,0,673.008581817498,675.504222074888,19876226.434542,14096651.3194928,461.513813444408,4699.19290942604,3041.55178826533,3033.24625696794,#NUM!,#NUM!,1744.2084164457,2141.24473145878,462.71023502836,464.233968723746,18308157.0310856,12710022.0108591,365.598140039032,6037.92961204418,2985.48078838233,2993.49254822907,65930456.9431697,18152137.6270093,870.276967407503,2811.29187385444,426.78179717509,429.877621217946,19507244.9902877,15261151.8991926,402.615200905281,2345.14733012662,2842.8230984006,2850.85701352348,71541207.3561559,17909466.054451,810.125298950724,1446.92086860339,908.873791788497,911.429800042768,21054599.4302227,16096953.7056381,432.527455775931,1473.63767595702,2884.97303366947,2892.61933731575,74830889.0224126,17263567.5015473,764.900647143144,894.856413063012,618.429590414301,619.662362260288,20316921.6205934,15610045.3997258,481.076916927013,3977.50386549152,3022.8990898639,3031.26752940861,73645191.9137142,17982151.1852335,819.512660060844,2045.00806844374,,,,,,,,,,,,,,,,,,
BEST,49,49,44,34,23,136,49,47,47,63,13,136,52,51,46,36,8,74,53,51,46,61,5,93,54,59,51,40,9,73,55,55,46,60,7,88,58,54,45,37,14,72,61,60,47,57,12,87,56,58,46,36,53,75,54,55,52,60,14,87,59,61,49,40,21,72,55,54,46,57,16,88,,,,,,,,,,,,,,,,,,
BETTER,37,41,52,25,81,49,27,23,42,73,49,49,48,49,70,37,55,0,20,31,44,63,34,16,52,51,71,38,47,0,32,31,46,76,36,15,55,52,67,36,83,5,45,43,44,75,48,30,58,58,59,32,98,16,48,47,46,78,56,41,55,57,64,34,86,1,44,41,41,73,49,25,,,,,,,,,,,,,,,,,,
WORSE,46,44,53,82,44,0,56,61,71,38,65,0,39,38,40,69,63,60,64,53,69,50,91,24,36,37,39,65,68,61,52,53,66,35,82,20,34,37,41,71,36,55,38,41,67,35,72,3,27,28,47,77,22,45,35,37,67,35,65,0,33,32,43,75,37,62,40,43,72,38,75,11,,,,,,,,,,,,,,,,,,
WORST,55,63,49,73,14,72,65,73,62,34,5,72,56,58,42,48,16,114,90,67,45,35,47,74,53,55,40,47,17,119,69,70,48,34,26,76,50,50,40,50,6,92,64,64,44,36,11,74,52,52,43,56,4,76,61,62,46,36,14,72,51,51,37,49,9,85,65,66,51,38,14,73,,,,,,,,,,,,,,,,,,
