,empty-1/base,,,,,,empty-1/base-mod-enc,,,,,,empty-1/base-heur-mod-enc,,,,,,empty-1/max-1000-step-1000-size-50-deg-10,,,,,,empty-1/max-1000-step-1000-size-50-deg-10-heur,,,,,,empty-1/max-1500-step-1500-size-50-deg-10,,,,,,empty-1/max-1500-step-1500-size-50-deg-10-heur,,,,,,empty-1/max-500-step-500-size-50-deg-10,,,,,,empty-1/max-500-step-500-size-50-deg-10-heur,,,,,,empty-1/max-1000-step-1000-size-50-deg-10-lbd-3,,,,,,empty-1/max-1000-step-1000-size-50-deg-10-lbd-3-heur,,,,,,empty-1/max-1000-step-1000-size-50-deg-10-lbd-5,,,,,,empty-1/max-1000-step-1000-size-50-deg-10-lbd-5-heur,,,,,,min,,,,,,median,,,,,,max,,,,,
,time,ctime,choices,conflicts,mem,ngadded,time,ctime,choices,conflicts,mem,ngadded,time,ctime,choices,conflicts,mem,ngadded,time,ctime,choices,conflicts,mem,ngadded,time,ctime,choices,conflicts,mem,ngadded,time,ctime,choices,conflicts,mem,ngadded,time,ctime,choices,conflicts,mem,ngadded,time,ctime,choices,conflicts,mem,ngadded,time,ctime,choices,conflicts,mem,ngadded,time,ctime,choices,conflicts,mem,ngadded,time,ctime,choices,conflicts,mem,ngadded,time,ctime,choices,conflicts,mem,ngadded,time,ctime,choices,conflicts,mem,ngadded,time,ctime,choices,conflicts,mem,ngadded,time,ctime,choices,conflicts,mem,ngadded,time,ctime,choices,conflicts,mem,ngadded
HanoiTower/0004-hanoi_tower-60-0.asp,415.55,415.459,3140130,2715388,84,0,900,900,9770997,7132096,99,0,900,900,10118823,7299399,105,0,900,900,9006582,6754867,116,0,900,900,8791805,6508271,113,0,900,900,8584882,6397977,123,0,900,900,8694752,6472381,124,0,900,900,9036348,6683976,85,0,900,900,9217841,6866023,95,0,900,900,8942018,6546675,87,0,900,900,8985906,6605447,82,0,900,900,8840609,6573352,98,0,900,900,8573336,6383154,99,0,900,900,8573336,6383154,82,0,900,900,8963962,6589399.5,99,0,900,900,10118823,7299399,124,0
HanoiTower/0005-hanoi_tower-60-0.asp,900,900,5835844,5036308,113,0,900,900,9525181,6921215,111,0,900,900,9175290,6708529,114,0,900,900,8701326,6323512,125,0,900,900,8424669,6219171,125,0,900,900,8461735,6209053,137,0,900,900,8313964,6112664,137,0,900,900,9369291,6835356,98,0,900,900,8963679,6496234,104,0,900,900,8177130,6075464,101,0,900,900,8619624,6392238,103,0,900,900,8690295,6384649,108,0,900,900,8510168,6230206,114,0,900,900,8177130,6075464,98,0,900,900,8654959.5,6354080.5,112.5,0,900,900,9525181,6921215,137,0
HanoiTower/0007-hanoi_tower-60-0.asp,900,900,6263690,5353913,118,0,900,900,9608847,6886305,105,0,900,900,9398032,6698395,104,0,900,900,9108288,6587719,125,0,900,900,8554669,6249535,118,0,900,900,7980884,5893091,143,0,900,900,7942263,5918397,139,0,900,900,9244697,6675944,105,0,900,900,9090227,6531459,103,0,900,900,8709314,6413655,109,0,900,900,8507457,6179774,103,0,900,900,8603934,6188992,115,0,900,900,8793922,6371758,110,0,900,900,7942263,5893091,103,0,900,900,8751618,6392706.5,109.5,0,900,900,9608847,6886305,143,0
HanoiTower/0008-hanoi_tower-60-0.asp,900,900,6743592,5690599,120,0,900,900,9253160,6657154,110,0,900,900,9533401,6763599,105,0,900,900,8392558,4686755,116,0,900,900,8405142,6101055,119,0,900,900,8103485,5794694,149,0,900,900,8569349,6235783,135,0,900,900,8787167,6331563,107,0,900,900,8964872,6422868,110,0,900,900,8740778,6427543,105,0,900,900,8095134,6002293,102,0,900,900,8629919,6361738,110,0,900,900,8258129,6084154,110,0,900,900,8095134,4686755,102,0,900,900,8599634,6283673,110,0,900,900,9533401,6763599,149,0
HanoiTower/0013-hanoi_tower-32-0.asp,525.39,525.305,4626910,4108903,59,0,900,900,10892165,8250593,84,0,900,900,11118395,8365484,80,0,900,900,9546635,7477824,91,0,900,900,9648399,7357201,105,0,900,900,8543102,6717972,100,0,900,900,9289392,7127548,100,0,900,900,10107402,7804709,82,0,900,900,10230309,7762665,78,0,900,900,10630398,8120748,66,0,900,900,10281069,7999110,70,0,900,900,9574170,7440799,78,0,900,900,9431991,7242134,87,0,900,900,8543102,6717972,66,0,900,900,9877900.5,7620244.5,83,0,900,900,11118395,8365484,105,0
HanoiTower/0021-hanoi_tower-40-0.asp,220.29,220.209,2001644,1734777,57,0,900,900,11263989,8014342,91,0,900,900,11245109,7888802,82,0,900,900,9190641,6976014,95,0,900,900,8969717,6627415,88,0,900,900,8031884,6089634,102,0,900,900,8826471,6530544,91,0,900,900,9474704,7131472,81,0,900,900,9780829,7110349,82,0,900,900,9990815,7446638,71,0,900,900,10371315,7567355,68,0,900,900,9708545,7387081,81,0,900,900,9609271,7125716,86,0,900,900,8031884,6089634,68,0,900,900,9658908,7128594,84,0,900,900,11263989,8014342,102,0
HanoiTower/0022-hanoi_tower-60-0.asp,31.32,31.255,413204,365688,29,0,14.24,13.611,216345,135678,52,0,7.37,6.639,87132,53367,51,0,11.76,10.705,118648,77037,85,920,7.71,6.71,76808,48187,80,941,10.6,9.907,115358,74935,69,660,7.49,6.671,80858,50761,71,782,14.95,14.394,186716,118665,61,500,6.81,6.218,75772,47712,57,500,14.82,14.115,205473,131151,46,157,10.14,9.389,130624,79761,44,144,7.93,7.151,86613,56110,53,451,14.1,13.293,180352,112307,52,423,6.81,6.218,75772,47712,44,0,10.37,9.648,117003,75986,55,475.5,14.95,14.394,216345,135678,85,941
HanoiTower/0023-hanoi_tower-60-0.asp,34.01,33.926,427140,373319,33,0,8.6,7.878,99944,69004,51,0,49.74,48.955,709168,473678,56,0,21.02,20.112,195798,141231,79,996,31.65,30.827,338531,229764,77,996,15.78,15.158,173945,122914,65,720,28.12,27.39,283458,194089,69,850,9.89,9.274,100610,72208,57,500,64.64,63.882,796884,540844,60,500,9.41,8.752,103696,71194,44,209,99.45,98.742,1269997,865376,53,205,10.86,10.071,105491,75167,54,561,17.36,16.634,209735,139861,53,515,8.6,7.878,99944,69004,44,0,19.19,18.373,202766.5,140546,56.5,507.5,99.45,98.742,1269997,865376,79,996
HanoiTower/0025-hanoi_tower-60-0.asp,135.17,135.096,1364637,1202135,46,0,389.73,388.679,4621099,3477954,84,0,888.71,887.774,10324479,7520327,84,0,656.36,655.12,5937021,4635681,101,1000,900,900,8446276,6376642,97,0,636,634.935,5978516,4628788,104,1217,900,900,8576652,6431352,89,0,567.15,566.488,5650513,4364276,79,500,636.32,635.75,6920540,5102207,78,500,395.27,394.269,4411425,3229170,68,274,654.77,653.667,7571599,5542740,73,264,645.92,644.43,6497310,5064207,87,959,900,900,8919413,6636899,88,0,389.73,388.679,4411425,3229170,68,0,650.345,649.0485,6708925,5083207,85.5,269,900,900,10324479,7520327,104,1217
HanoiTower/0032-hanoi_tower-60-0.asp,11.57,11.483,156680,123747,33,0,37.4,36.497,466613,323099,59,0,66.5,65.504,762736,561999,62,0,48.54,47.234,527848,381535,83,1000,51.39,50.183,481314,361682,82,1000,40.28,38.649,384379,284603,103,1500,8.54,6.999,53561,38020,97,1500,77.04,76.219,826164,597155,69,500,27.17,26.432,274024,203104,64,500,23.75,22.595,258040,186304,52,425,19.13,18.011,195717,142111,51,460,47.63,45.913,482935,351532,76,1000,55.62,54.09,537674,404033,69,1000,8.54,6.999,53561,38020,51,0,43.955,42.281,473963.5,337315.5,69,750,77.04,76.219,826164,597155,103,1500
HanoiTower/0036-hanoi_tower-80-0.asp,14.6,14.523,188204,153938,31,0,23.34,22.422,283932,199423,60,0,31.84,30.899,393464,280486,62,0,94.35,93.272,978564,752371,79,1000,93.37,92.053,866519,652896,84,1000,70.83,69.361,679554,530471,98,1500,49.41,47.74,442628,332991,98,1500,26.19,25.291,282866,210028,65,500,61.75,61.014,688386,504900,67,500,18.83,17.544,194225,148672,50,217,18.25,16.916,204881,139654,47,296,19.46,17.903,172543,130147,68,1000,47.69,46.316,513665,376252,68,976,18.25,16.916,172543,130147,47,0,39.765,38.6075,418046,306738.5,67.5,738,94.35,93.272,978564,752371,98,1500
HanoiTower/0039-hanoi_tower-80-0.asp,46.34,46.252,489535,404366,41,0,85.32,84.359,1071549,762362,68,0,365.81,364.998,4259609,3044400,79,0,311.12,310.126,3107012,2315626,94,1000,105.83,104.613,1127928,809013,89,1000,367.6,366.129,3152557,2368717,109,1500,351.22,349.763,3435031,2538178,110,1500,203.28,202.582,2002553,1488682,73,500,576.85,576.04,5600107,4066476,84,500,76.17,74.582,827221,586183,56,378,370.48,368.814,3721361,2824893,63,430,113.2,111.399,1124461,850189,77,1000,163.09,161.391,1738011,1274281,78,1000,76.17,74.582,827221,586183,56,0,257.2,256.354,2554782.5,1902154,78.5,750,576.85,576.04,5600107,4066476,110,1500
HanoiTower/0040-hanoi_tower-80-0.asp,79.15,79.057,746769,623577,49,0,241.54,240.608,2825203,2130635,74,0,555.94,554.867,5857532,4344535,89,0,88.1,86.833,944702,693835,86,1000,458.44,457.119,4502734,3383013,101,1000,120.04,118.66,1112500,813000,98,1500,129.53,128.068,1213582,917171,97,1500,218,217.29,2377445,1748217,77,500,372.79,372.024,3884973,2871553,86,500,253.07,251.435,2632783,2063517,63,323,374.32,372.531,3457873,2724509,64,351,166.84,165.055,1541980,1155784,80,1000,191.86,190.328,1883900,1407734,81,1000,88.1,86.833,944702,693835,63,0,229.77,228.949,2505114,1905867,83.5,750,555.94,554.867,5857532,4344535,101,1500
HanoiTower/0046-hanoi_tower-100-0.asp,125.27,125.189,1114104,961071,45,0,900,900,8665929,6803599,95,0,344.04,343.123,3575561,2716088,71,0,582.65,581.126,5760354,4436082,105,1000,199.47,198.252,2091099,1560712,88,1000,492.33,490.908,4588425,3506536,108,1500,900,900,8235178,6211252,126,0,373.29,372.606,3840617,2910297,75,500,900,900,8439128,6464600,94,0,520.66,519.258,4747362,3638116,77,372,900,900,8595780,6569632,88,0,629.54,627.717,5939263,4594835,98,1000,588.13,586.705,5441933,4155437,99,1000,199.47,198.252,2091099,1560712,71,0,585.39,583.9155,5601143.5,4295759.5,94.5,436,900,900,8665929,6803599,126,1500
HanoiTower/0047-hanoi_tower-120-0.asp,12.62,12.554,180784,151730,25,0,121.63,121.158,1584754,1189772,55,0,28.72,28.083,393388,285725,51,0,44.91,44.107,481533,383087,70,855,37.39,36.725,389236,299314,68,807,28.65,28.071,308177,242700,64,727,58.3,57.731,637054,489816,63,699,34.28,33.663,379615,294314,53,500,29.2,28.704,353720,273093,57,500,7.22,6.745,77914,58729,41,193,40.53,39.917,508037,383795,47,154,13.44,12.907,145951,113885,51,554,55.99,55.356,662099,499499,52,474,7.22,6.745,77914,58729,41,0,35.835,35.194,391312,296814,54,500,121.63,121.158,1584754,1189772,70,855
HanoiTower/0048-hanoi_tower-120-0.asp,33.91,33.846,393623,336404,32,0,205.79,205.15,2503384,1917734,60,0,185.34,184.78,2156136,1646433,61,0,40.08,39.322,424999,336040,70,805,139.77,139.035,1480900,1174418,69,758,306.81,306.203,3121244,2477877,74,659,71.49,70.853,791069,625160,66,691,275.6,275.036,2961983,2355858,68,500,75.47,74.911,867855,677067,60,500,50.84,50.246,642975,497130,45,156,151.13,150.492,1868679,1410188,53,153,101.44,100.613,1151043,907552,57,484,116.17,115.623,1311620,1018964,57,368,40.08,39.322,424999,336040,45,0,127.97,127.329,1396260,1096691,60.5,492,306.81,306.203,3121244,2477877,74,805
HanoiTower/0050-hanoi_tower-120-0.asp,123.82,123.746,1192307,1014124,44,0,619.59,618.726,6708755,5229448,80,0,523.67,522.744,5775949,4458326,79,0,900,900,8523429,6890963,84,0,900,900,7983253,6322646,74,0,900,900,8625565,6898170,107,0,900,900,8253551,6435302,98,0,670.92,670.282,6906958,5500334,76,500,900,900,8716244,6687111,86,0,697.56,696.666,7415488,5823856,72,224,815.69,814.882,8038881,6076165,72,238,859.93,858.767,8340072,6649101,81,677,616.46,615.669,6466684,5070256,68,524,523.67,522.744,5775949,4458326,68,0,837.81,836.8245,8011067,6199405.5,79.5,0,900,900,8716244,6898170,107,677
HanoiTower/0056-hanoi_tower-120-0.asp,900,900,6541723,5530615,98,0,900,900,9478003,7506178,100,0,900,900,8858498,6925897,91,0,900,900,7441670,6058191,98,0,900,900,8699814,6821738,102,0,900,900,7916811,6424764,102,0,900,900,8638654,6744648,110,0,900,900,8058937,6498562,89,0,900,900,8885537,6866074,91,0,900,900,8525097,6826035,90,0,900,900,8744204,6841773,84,0,900,900,8044963,6435572,89,0,900,900,8329698,6522261,83,0,900,900,7441670,6058191,83,0,900,900,8581875.5,6783193,91,0,900,900,9478003,7506178,110,0
HanoiTower/0059-hanoi_tower-120-0.asp,900,900,6408510,5449978,108,0,900,900,8905914,7075485,86,0,900,900,8502110,6721750,87,0,900,900,7991146,6335928,99,0,900,900,7738252,6178588,96,0,900,900,8030837,6408372,100,0,900,900,7519197,6007529,97,0,900,900,8225471,6524664,86,0,900,900,8152686,6487320,84,0,900,900,8473719,6671679,80,0,900,900,8490506,6640747,73,0,900,900,8356870,6634358,88,0,900,900,7381297,5862347,86,0,900,900,7381297,5862347,73,0,900,900,8189078.5,6505992,86.5,0,900,900,8905914,7075485,100,0
HanoiTower/0060-hanoi_tower-120-0.asp,900,900,6766544,5705195,93,0,900,900,8366566,6677587,93,0,900,900,8342406,6689577,83,0,900,900,7140899,5856516,100,0,900,900,7341230,5944900,99,0,900,900,7167287,5862897,108,0,900,900,7397921,5973815,105,0,900,900,7643845,6240664,93,0,900,900,7787657,6276307,82,0,900,900,8357723,6662790,75,0,900,900,8434185,6670783,74,0,900,900,7518609,6084398,93,0,900,900,7641793,6084338,82,0,900,900,7140899,5856516,74,0,900,900,7642819,6162531,93,0,900,900,8434185,6689577,108,0
Labyrinth/0025-labyrinth-14-0.asp,0.74,0.679,3346,2357,22,0,3.23,3.007,27022,8235,49,0,0.79,0.701,3764,739,45,0,3.14,3.027,27022,8235,49,0,0.94,0.846,3764,739,45,0,3.09,3.009,27022,8235,47,0,0.85,0.742,3764,739,45,0,2.98,2.88,27022,8235,48,0,0.86,0.764,3764,739,45,0,3.24,3.024,27022,8235,49,0,0.85,0.743,3764,739,45,0,3.13,3.031,27022,8235,48,0,0.82,0.705,3764,739,45,0,0.79,0.701,3764,739,45,0,1.96,1.863,15393,4487,46,0,3.24,3.031,27022,8235,49,0
Labyrinth/0045-labyrinth-11-0.asp,15.3,15.249,83388,63384,22,0,0.7,0.599,1916,427,35,0,11.34,11.24,159986,44772,45,0,0.7,0.593,1916,427,35,0,11.3,11.205,159986,44772,45,0,0.77,0.67,1916,427,35,0,11.63,11.535,159986,44772,45,0,0.7,0.597,1916,427,35,0,11.47,11.355,159986,44772,45,0,0.69,0.594,1916,427,35,0,11.51,11.406,159986,44772,45,0,0.74,0.589,1916,427,35,0,11.59,11.497,159986,44772,45,0,0.69,0.589,1916,427,35,0,6.035,5.9375,80951,22599.5,40,0,11.63,11.535,159986,44772,45,0
Labyrinth/0060-labyrinth-13-0.asp,1.36,1.294,6900,4837,21,0,2.05,1.95,17906,5298,44,0,2.65,2.553,28521,7601,44,0,1.96,1.848,17906,5298,44,0,2.65,2.556,28521,7601,45,0,1.96,1.857,17906,5298,44,0,2.64,2.531,28521,7601,44,0,1.97,1.834,17906,5298,44,0,2.6,2.486,28521,7601,44,0,2.02,1.913,17906,5298,44,0,2.95,2.842,28521,7601,45,0,2.08,1.955,17906,5298,41,0,2.69,2.581,28521,7601,45,0,1.96,1.834,17906,5298,41,0,2.34,2.2205,23213.5,6449.5,44,0,2.95,2.842,28521,7601,45,0
Labyrinth/0075-labyrinth-13-0.asp,149.75,149.675,502769,400909,40,0,2.76,2.657,25826,6863,46,0,2.44,2.353,29148,6782,46,0,2.77,2.679,25826,6863,47,0,2.46,2.366,29148,6782,46,0,2.6,2.51,25826,6863,46,0,2.43,2.329,29148,6782,45,0,2.55,2.453,25826,6863,47,0,2.46,2.33,29148,6782,46,0,2.83,2.723,25826,6863,47,0,2.54,2.43,29148,6782,46,0,2.88,2.747,25826,6863,46,0,2.43,2.332,29148,6782,46,0,2.43,2.329,25826,6782,45,0,2.545,2.4415,27487,6822.5,46,0,2.88,2.747,29148,6863,47,0
Labyrinth/0082-labyrinth-14-0.asp,162.41,162.339,545608,447719,45,0,173.51,173.402,2182417,339185,128,0,395.03,394.916,5423712,727867,188,0,174.02,173.911,2182417,339185,127,0,408.77,408.668,5423712,727867,188,0,174.5,174.396,2182417,339185,127,0,389.49,389.393,5423712,727867,188,0,169.35,169.249,2182417,339185,127,0,387.26,387.157,5423712,727867,195,0,184.22,184.092,2182417,339185,127,0,396.85,396.736,5423712,727867,188,0,187.27,187.153,2182417,339185,127,0,395.82,395.707,5423712,727867,189,0,169.35,169.249,2182417,339185,127,0,287.265,287.155,3803064.5,533526,158,0,408.77,408.668,5423712,727867,195,0
Labyrinth/0083-labyrinth-23-0.asp,900,900,1299222,1074646,88,0,900,900,15986670,655116,396,0,900,900,18755069,706544,342,0,900,900,15540459,642031,390,0,900,900,18440574,681246,344,0,900,900,15468793,636728,395,0,900,900,18716843,698153,345,0,900,900,15463432,635747,389,0,900,900,18692838,695447,344,0,900,900,15660124,645565,389,0,900,900,18741305,702523,344,0,900,900,15479504,638305,390,0,900,900,18536848,685802,344,0,900,900,15463432,635747,342,0,900,900,17213622,668181,367,0,900,900,18755069,706544,396,0
Labyrinth/0094-labyrinth-17-0.asp,35.54,35.478,104974,79066,35,0,177.94,177.829,1628476,261692,166,0,121.94,121.845,948510,206466,130,0,174.51,174.378,1628476,261692,165,0,128.2,128.095,948510,206466,130,0,190.27,190.162,1628476,261692,164,0,127.13,127.016,948510,206466,123,0,182.96,182.853,1628476,261692,166,0,130.96,130.828,948510,206466,128,0,187.31,187.184,1628476,261692,164,0,119.25,119.141,948510,206466,131,0,175.3,175.179,1628476,261692,159,0,123.23,123.113,948510,206466,130,0,119.25,119.141,948510,206466,123,0,152.735,152.603,1288493,234079,145,0,190.27,190.162,1628476,261692,166,0
Labyrinth/0117-labyrinth-23-0.asp,900,900,1295320,1080720,80,0,900,900,13185248,701967,416,0,900,900,16038354,687575,383,0,900,900,13007865,697192,417,0,900,900,16105739,692333,391,0,900,900,13017228,697530,414,0,900,900,15952110,681482,385,0,900,900,13157550,700284,416,0,900,900,16214231,698349,385,0,900,900,12915244,693738,417,0,900,900,16063990,690328,393,0,900,900,12803178,686772,386,0,900,900,16025514,686611,389,0,900,900,12803178,681482,383,0,900,900,14568679,693035.5,392,0,900,900,16214231,701967,417,0
Labyrinth/0130-labyrinth-14-0.asp,419.32,419.24,1170219,979262,51,0,900,900,9248223,1378944,220,0,900,900,9500601,1358757,221,0,900,900,9227559,1376540,221,0,900,900,9531533,1362080,221,0,900,900,9126492,1343793,206,0,900,900,9593833,1374609,227,0,900,900,9184752,1360972,205,0,900,900,9550939,1365388,227,0,900,900,9106660,1339865,206,0,900,900,9766298,1397921,221,0,900,900,9134578,1346312,207,0,900,900,9579447,1372736,221,0,900,900,9106660,1339865,205,0,900,900,9374412,1363734,221,0,900,900,9766298,1397921,227,0
Labyrinth/0151-labyrinth-19-0.asp,900,900,1438293,1143456,79,0,900,900,13136424,846589,325,0,900,900,13598669,887333,285,0,900,900,13191741,852530,319,0,900,900,13545860,884086,287,0,900,900,12857644,832137,318,0,900,900,13623152,888288,293,0,900,900,13163348,849232,318,0,900,900,13679166,892526,287,0,900,900,13175823,851856,318,0,900,900,13430048,876676,292,0,900,900,13051682,842861,318,0,900,900,13429086,876325,285,0,900,900,12857644,832137,285,0,900,900,13310413.5,864427.5,305.5,0,900,900,13679166,892526,325,0
Labyrinth/0157-labyrinth-13-0.asp,900,900,2078370,1762446,68,0,900,900,10061437,1525275,197,0,900,900,7834440,1352827,213,0,900,900,10168326,1548881,198,0,900,900,7805873,1347114,206,0,900,900,9994424,1510477,201,0,900,900,7731171,1334987,206,0,900,900,10116707,1538307,197,0,900,900,7876147,1358734,206,0,900,900,10099219,1534025,197,0,900,900,7779005,1342964,210,0,900,900,9983420,1508048,197,0,900,900,7936550,1366916,206,0,900,900,7731171,1334987,197,0,900,900,8959985,1437482,203.5,0,900,900,10168326,1548881,213,0
Labyrinth/0192-labyrinth-18-0.asp,900,900,1502880,1279218,69,0,900,900,10896468,1026628,253,0,900,900,11326150,1003220,281,0,900,900,10715747,996116,255,0,900,900,11448342,1024063,288,0,900,900,10750664,1002559,253,0,900,900,11438427,1021519,282,0,900,900,10764831,1004759,246,0,900,900,11507036,1035588,281,0,900,900,10788709,1009938,253,0,900,900,11530937,1040837,280,0,900,900,10840534,1018562,252,0,900,900,11388841,1012563,282,0,900,900,10715747,996116,246,0,900,900,11111309,1015562.5,267.5,0,900,900,11530937,1040837,288,0
Labyrinth/0204-labyrinth-20-0.asp,900,900,3652338,1036425,195,0,900,900,13812374,720990,328,0,900,900,15420856,782226,327,0,900,900,14091107,736898,321,0,900,900,15325775,774670,320,0,900,900,13805021,720180,321,0,900,900,15176451,766952,320,0,900,900,13921845,728393,321,0,900,900,15231139,768813,320,0,900,900,13922021,728432,328,0,900,900,15338233,776218,320,0,900,900,13890524,726754,321,0,900,900,15493709,784425,328,0,900,900,13805021,720180,320,0,900,900,14633779,751925,321,0,900,900,15493709,784425,328,0
Labyrinth/0205-labyrinth-20-0.asp,900,900,1593163,1222620,81,0,900,900,16887194,797377,344,0,900,900,17964818,853499,343,0,900,900,16819250,790295,345,0,900,900,17922137,850862,349,0,900,900,16636791,780327,344,0,900,900,17908832,850285,343,0,900,900,16705164,783608,336,0,900,900,17955161,852617,342,0,900,900,16836857,791369,337,0,900,900,17711468,840803,343,0,900,900,16822737,790365,337,0,900,900,18002122,857008,351,0,900,900,16636791,780327,336,0,900,900,17299331,819090,343,0,900,900,18002122,857008,351,0
Labyrinth/0207-labyrinth-20-0.asp,900,900,1598733,1320386,80,0,900,900,13580078,791336,304,0,900,900,15237039,873987,279,0,900,900,13449815,782386,297,0,900,900,15134486,866660,278,0,900,900,13479725,784578,298,0,900,900,14918643,855423,279,0,900,900,13552177,789940,297,0,900,900,15063173,862279,279,0,900,900,13367891,775110,297,0,900,900,14587546,832913,276,0,900,900,13339380,773648,304,0,900,900,14956480,856655,278,0,900,900,13339380,773648,276,0,900,900,14083812,812124.5,288,0,900,900,15237039,873987,304,0
Labyrinth/0209-labyrinth-20-0.asp,900,900,1579402,1331591,70,0,900,900,12598695,775165,317,0,900,900,14339601,829996,272,0,900,900,12632676,778011,317,0,900,900,14358328,830878,273,0,900,900,12425476,765194,311,0,900,900,14092133,817640,280,0,900,900,12589573,774629,311,0,900,900,14241355,825912,274,0,900,900,12424990,765090,310,0,900,900,14221722,824248,272,0,900,900,12446651,767380,317,0,900,900,14384576,832151,273,0,900,900,12424990,765090,272,0,900,900,13362404.5,797825.5,295,0,900,900,14384576,832151,317,0
Labyrinth/0210-labyrinth-20-0.asp,900,900,1315391,1034848,81,0,900,900,15143157,831874,306,0,900,900,16407058,847839,305,0,900,900,15078681,829810,306,0,900,900,16535049,858017,346,0,900,900,15123060,831231,306,0,900,900,16458819,852880,312,0,900,900,15080524,829829,305,0,900,900,16407003,847787,313,0,900,900,15448217,848067,306,0,900,900,16320686,844597,305,0,900,900,15065382,827554,307,0,900,900,16304745,842585,311,0,900,900,15065382,827554,305,0,900,900,15876481,843591,306,0,900,900,16535049,858017,346,0
Labyrinth/0215-labyrinth-21-0.asp,900,900,1408810,1106438,83,0,900,900,15242190,791011,365,0,900,900,16244570,847407,313,0,900,900,15429150,799366,364,0,900,900,16560080,858586,316,0,900,900,15217674,789708,365,0,900,900,15853810,825793,322,0,900,900,15580965,809955,365,0,900,900,16209432,845900,315,0,900,900,15217298,789497,365,0,900,900,16367983,850598,315,0,900,900,15210818,786776,364,0,900,900,16229168,846465,316,0,900,900,15210818,786776,313,0,900,900,15717387.5,817874,343,0,900,900,16560080,858586,365,0
Labyrinth/0238-labyrinth-22-0.asp,900,900,1397425,1152992,90,0,900,900,15876360,744760,359,0,900,900,18628176,739703,411,0,900,900,16090145,755865,364,0,900,900,18425875,728750,410,0,900,900,16052237,753646,358,0,900,900,18232240,716103,411,0,900,900,15931606,748984,358,0,900,900,18602462,739141,405,0,900,900,15894221,745423,357,0,900,900,16709047,634012,410,0,900,900,16061808,754328,357,0,900,900,18550594,738063,411,0,900,900,15876360,634012,357,0,900,900,16399596,742231.5,384.5,0,900,900,18628176,755865,411,0
Labyrinth/0241-labyrinth-22-0.asp,900,900,1343513,1117756,79,0,900,900,11737369,677242,354,0,900,900,10545421,693086,380,0,900,900,11567308,667126,356,0,900,900,10575533,694748,380,0,900,900,11876221,684933,354,0,900,900,10737488,709237,379,0,900,900,11578217,668511,354,0,900,900,10744968,710727,388,0,900,900,11708848,675717,354,0,900,900,9005216,580027,379,0,900,900,11640874,672661,354,0,900,900,10548454,693276,380,0,900,900,9005216,580027,354,0,900,900,11156138,681087.5,367.5,0,900,900,11876221,710727,388,0
Nomistery/0006-nomystery-55-0.asp,11.93,11.869,94442,67119,23,0,120.87,120.161,639529,438011,96,0,216.72,216.049,1083537,733053,86,0,57.12,55.794,349158,242838,95,1000,70.95,69.646,489379,334774,91,1000,95.19,93.864,530621,381855,99,1500,83.77,82.481,536982,367939,98,1500,77.06,76.552,462213,326060,67,500,58.26,57.763,444646,297470,69,500,179.43,178.289,914837,657158,74,699,117.38,116.386,782055,572653,61,614,13.52,12.246,84764,53542,73,1000,22.18,20.964,172910,107568,72,1000,13.52,12.246,84764,53542,61,0,80.415,79.5165,510000,351356.5,80,849.5,216.72,216.049,1083537,733053,99,1500
Nomistery/0007-nomystery-57-0.asp,3.52,3.47,36196,23319,22,0,5.76,5.273,36857,22687,57,0,7.33,6.905,42017,25256,57,0,10.09,9.266,56493,38808,78,1000,6.94,6.119,41409,26534,78,1000,4.72,3.951,27639,16533,73,902,10.16,9.451,59840,39286,70,835,2.53,2.054,17453,9498,56,500,10.72,10.232,70616,47298,57,500,5.45,4.81,36331,21736,45,363,6.82,6.17,41586,26680,45,350,11.04,10.301,61675,42522,64,788,3.47,2.635,17604,9641,64,824,2.53,2.054,17453,9498,45,0,6.88,6.1445,41497.5,25895,60.5,644,11.04,10.301,70616,47298,78,1000
Nomistery/0009-nomystery-63-0.asp,6.43,6.377,58638,40026,23,0,14.19,12.973,85294,56342,66,0,23.28,22.26,149509,100323,79,0,16.02,14.603,107894,73908,83,1000,13.9,12.565,88086,58172,78,1000,14.9,13.416,93174,63549,95,1500,12.8,11.51,78392,52551,92,1500,29.81,29.289,189700,132993,61,500,18.39,17.88,137317,91148,57,500,14.28,13.247,88536,59542,52,664,13.24,12.197,82659,54605,53,623,12.24,11.056,79777,54352,66,1000,13.71,12.379,92400,59723,71,1000,12.24,11.056,78392,52551,52,0,14.235,13.11,90468,59632.5,68.5,832,29.81,29.289,189700,132993,95,1500
Nomistery/0012-nomystery-84-0.asp,61.82,61.749,282399,186562,42,0,900,900,2492148,1718426,210,0,900,900,2740841,1783557,222,0,433.17,432.093,1502195,1049345,157,1000,900,900,2873107,1924381,228,0,461.28,460.24,1632628,1159515,162,1397,900,900,2988307,2033806,192,0,900,900,2278492,1573946,197,0,900,900,2819462,1881144,246,0,900,900,2611661,1846874,171,0,900,900,3084043,2150556,159,0,559.75,558.726,1840617,1295120,157,1000,900,900,3044987,2071291,187,0,433.17,432.093,1502195,1049345,157,0,900,900,2676251,1815215.5,189.5,0,900,900,3084043,2150556,246,1397
Nomistery/0014-nomystery-73-0.asp,167.94,167.873,663027,463961,57,0,380.4,379.422,1513776,1054698,140,0,900,900,3325229,2206762,175,0,769.05,767.918,2769912,1972190,138,1000,732.27,731.051,3114126,2161877,151,1000,900,900,3140839,2291595,145,0,666.1,664.818,2796250,1965158,148,1500,467.3,466.775,1810753,1256888,145,500,303.99,303.476,1401727,958263,124,500,900,900,2912505,2084777,122,0,274.9,273.923,1397379,934186,95,653,427.38,426.229,1727952,1220242,137,1000,300.7,299.669,1502182,1062186,113,1000,274.9,273.923,1397379,934186,95,0,566.7,565.7965,2290332.5,1611023,139,576.5,900,900,3325229,2291595,175,1500
Nomistery/0024-nomystery-86-0.asp,900,900,2100036,1455567,110,0,900,900,12642124,2016001,280,0,900,900,3105224,2095686,248,0,900,900,2673236,1848761,246,0,900,900,3170580,2089480,230,0,900,900,9118088,1989078,285,0,900,900,7596431,2058299,259,0,900,900,2736805,1930835,219,0,900,900,3085376,2026769,266,0,900,900,2782098,1932999,228,0,900,900,3138183,2095928,224,0,900,900,2895170,2009799,214,0,900,900,2985015,2000844,210,0,900,900,2673236,1848761,210,0,900,900,3095300,2012900,238,0,900,900,12642124,2095928,285,0
Nomistery/0025-nomystery-85-0.asp,900,900,1679171,1259007,124,0,900,900,2502680,1729454,245,0,900,900,2998765,1995106,270,0,900,900,2540467,1792186,193,0,900,900,2732879,1873255,302,0,900,900,2503628,1787231,193,0,900,900,2809413,1919516,331,0,900,900,2445045,1714814,236,0,900,900,2736407,1825096,299,0,900,900,2467321,1753639,188,0,900,900,3070672,2066394,238,0,900,900,2502195,1789215,194,0,900,900,2828939,1895668,228,0,900,900,2445045,1714814,188,0,900,900,2636673,1808641,237,0,900,900,3070672,2066394,331,0
Nomistery/0027-nomystery-172-0.asp,900,900,1588098,1045881,116,0,900,900,2275791,1515360,304,0,900,900,4730332,1369686,278,0,900,900,2319408,1457488,290,0,900,900,4451446,1486291,293,0,900,900,4042899,1357502,359,0,900,900,4328194,1516723,330,0,900,900,4765625,1362619,303,0,900,900,4504508,1499243,390,0,900,900,2425153,1296261,317,0,900,900,4226959,1304579,314,0,900,900,5001993,1455745,380,0,900,900,2956438,1332574,247,0,900,900,2275791,1296261,247,0,900,900,4277576.5,1412715.5,309,0,900,900,5001993,1516723,390,0
Nomistery/0028-nomystery-167-0.asp,900,900,4053943,1143095,138,0,900,900,4560214,1369830,361,0,900,900,4516504,1438968,284,0,900,900,5630937,1534436,334,0,900,900,4762920,1421860,230,0,900,900,5361851,1525278,328,0,900,900,5184105,1430479,263,0,900,900,5141569,1438001,422,0,900,900,4630116,1486262,234,0,900,900,4864388,1448756,248,0,900,900,4639205,1444438,302,0,900,900,5251045,1324360,268,0,900,900,4951577,1418763,263,0,900,900,4516504,1324360,230,0,900,900,4907982.5,1438484.5,276,0,900,900,5630937,1534436,422,0
Nomistery/0029-nomystery-123-0.asp,900,900,1717301,1213352,118,0,900,900,6531488,1691411,300,0,900,900,5303102,1638049,346,0,900,900,6882537,1749344,253,0,900,900,4580779,1756154,310,0,900,900,3679542,1720137,260,0,900,900,5787501,1712396,263,0,900,900,4926314,1722456,293,0,900,900,2971948,1949282,328,0,900,900,6933242,1669912,228,0,900,900,6002021,1662557,263,0,900,900,7159129,1725485,234,0,900,900,5838063,1709940,310,0,900,900,2971948,1638049,228,0,900,900,5812782,1716266.5,278,0,900,900,7159129,1949282,346,0
Nomistery/0030-nomystery-117-0.asp,900,900,1645901,1189970,102,0,900,900,2512828,1640979,266,0,900,900,6654512,1558713,335,0,900,900,2615467,1758289,234,0,900,900,3039395,1752169,339,0,900,900,6570856,1690805,206,0,900,900,5593758,1606355,214,0,900,900,7962717,1657304,255,0,900,900,6272140,1574284,336,0,900,900,2581387,1729040,208,0,900,900,2833665,1813855,329,0,900,900,7588724,1685916,285,0,900,900,6111926,1633017,218,0,900,900,2512828,1558713,206,0,900,900,5852842,1671610,260.5,0,900,900,7962717,1813855,339,0
Nomistery/0031-nomystery-52-0.asp,3.92,3.864,44037,31308,19,0,2.15,1.515,17480,8529,45,0,2.86,2.22,23436,12691,45,0,3.9,3.015,26321,16840,78,1000,4.04,3.223,30503,18931,75,1000,5.72,4.769,40750,28177,75,948,7.88,7.181,61835,43173,69,873,4.19,3.694,36078,23297,53,500,2.15,1.692,17133,8882,50,500,4.51,3.808,39294,24119,41,351,5.53,4.907,47135,30895,41,401,2.4,1.653,14538,7508,62,828,7.22,6.474,57039,38698,62,852,2.15,1.515,14538,7508,41,0,4.115,3.4585,33290.5,21114,57.5,664,7.88,7.181,61835,43173,78,1000
Nomistery/0033-nomystery-32-0.asp,1.34,1.276,17489,12370,17,0,3.04,2.578,19232,12090,44,0,2.96,2.165,19322,11858,46,0,1.89,1.281,7034,4454,57,562,2.39,1.697,9110,5942,67,828,1.74,1.219,7034,4454,57,562,2.56,1.874,12205,8258,65,790,1.68,1.19,7491,4737,53,500,1.76,1.307,8904,5351,50,500,2.81,2.178,17176,11422,40,414,1.76,1.139,6711,3824,39,363,2.52,1.66,8308,5667,64,865,2.6,1.859,12076,7886,60,781,1.68,1.139,6711,3824,39,0,2.455,1.6785,9007,5804.5,55,531,3.04,2.578,19322,12090,67,865
Nomistery/0034-nomystery-64-0.asp,1.19,1.133,14349,9076,17,0,3.95,3.339,29397,17222,53,0,2.58,1.778,12283,5739,46,0,2.75,1.997,11652,6982,76,1000,3.16,2.271,10540,6592,81,1000,5.02,4.331,28286,18573,70,865,4.83,4.165,29116,19388,69,785,4.1,3.645,29103,17889,55,500,4.54,4.037,29497,19153,54,500,2.63,2.097,14449,8387,42,323,3.08,2.484,18004,10543,44,419,2.45,1.724,11054,6691,65,805,5.05,4.35,30557,20456,63,786,2.45,1.724,10540,5739,42,0,3.555,2.9115,23145,13882.5,59,642.5,5.05,4.35,30557,20456,81,1000
Nomistery/0037-nomystery-36-0.asp,18.44,18.384,151429,109634,23,0,51.83,50.834,378837,262739,70,0,54.72,53.747,421858,292592,70,0,17.16,15.839,126385,85553,82,1000,166.93,166.044,1114838,776669,89,1000,64.92,63.602,413983,302867,98,1500,68.15,66.729,515192,361401,92,1500,57.42,56.883,408006,282713,67,500,48.34,47.855,428186,289339,66,500,37.6,36.58,286786,205466,47,526,48.07,46.884,345877,238794,51,679,26.36,25.05,195495,135511,71,1000,118.27,116.759,843142,590081,83,1000,17.16,15.839,126385,85553,47,0,53.275,52.2905,410994.5,286026,70.5,839.5,166.93,166.044,1114838,776669,98,1500
Nomistery/0038-nomystery-63-0.asp,26.82,26.768,162731,113956,27,0,209.78,208.741,852454,591874,110,0,263.12,262.487,1131353,770182,86,0,183.02,182.281,911750,656059,97,1000,55.07,54.31,358163,228463,80,1000,189.14,188.052,957424,698339,98,1500,173.8,172.591,913959,638657,100,1500,114.52,113.989,541625,385871,61,500,161.18,160.708,850492,592371,75,500,118.58,117.505,645999,456923,74,664,141.05,139.992,810105,561640,77,648,58.47,57.226,340030,231629,82,1000,213.33,212.121,1107688,772414,100,1000,55.07,54.31,340030,228463,61,0,167.49,166.6495,851473,592122.5,84,832,263.12,262.487,1131353,772414,110,1500
Nomistery/0039-nomystery-42-0.asp,4.13,4.082,48666,33830,20,0,15.3,14.455,129600,91709,53,0,14.98,13.846,133119,91448,61,0,8.53,7.316,64052,43819,81,1000,11.68,10.474,94703,64030,82,1000,5.33,4.026,29893,19932,91,1302,12.01,10.692,91461,64258,100,1443,13.36,12.47,117076,82834,59,500,28.12,27.317,238601,169404,61,500,11.89,10.908,105162,75038,42,342,8.57,7.597,73148,49054,42,380,4.87,3.687,28407,18228,62,883,12.82,11.442,96721,67809,64,917,4.87,3.687,28407,18228,42,0,11.95,10.8,95712,66033.5,61.5,691.5,28.12,27.317,238601,169404,100,1443
Nomistery/0041-nomystery-88-0.asp,103.31,103.238,389298,270417,47,0,900,900,3008694,2123652,233,0,900,900,3364519,2246569,193,0,900,900,2925015,2082139,214,0,752.62,751.79,4045458,2271002,173,1000,900,900,3130557,2238522,229,0,900,900,10621096,2483521,251,0,900,900,3140318,2134910,197,0,900,900,3392406,2308077,187,0,900,900,3150670,2248511,216,0,900,900,3549935,2433682,176,0,900,900,3145107,2233188,246,0,900,900,3489607,2383759,201,0,752.62,751.79,2925015,2082139,173,0,900,900,3257594.5,2247540,207.5,0,900,900,10621096,2483521,251,1000
Nomistery/0042-nomystery-56-0.asp,78.22,78.158,358267,264326,38,0,517.17,516.136,1987035,1374647,138,0,794.05,793.128,3289806,2202671,137,0,542.26,541.065,2049335,1471931,132,1000,192.26,190.964,1064085,727078,114,1000,48.98,47.825,310836,207186,100,1480,606.82,605.53,2572949,1815296,126,1500,330.81,330.217,1479380,1030878,108,500,900,900,3586075,2417635,139,0,470.64,469.666,1894519,1339427,104,550,868.1,867.057,3189413,2185778,123,538,49.69,48.559,325339,219023,78,1000,900,900,3404931,2331152,167,0,48.98,47.825,310836,207186,78,0,529.715,528.6005,2018185,1423289,124.5,544,900,900,3586075,2417635,167,1500
Nomistery/0045-nomystery-44-0.asp,36.12,36.047,225634,167201,36,0,47.95,47,312994,218502,65,0,99.18,98.145,594466,411680,80,0,54.99,53.612,347366,252637,87,1000,195.74,194.286,1078695,782385,99,1000,69.6,68,434258,323669,95,1396,59.23,57.745,370023,266321,106,1500,166.04,165.522,874474,641627,75,500,40.34,39.746,287402,198614,65,500,181.57,180.464,928780,686142,66,519,74.09,72.926,490749,354237,67,586,71.03,69.633,443324,324984,82,1000,87.92,86.562,553506,405073,83,1000,40.34,39.746,287402,198614,65,0,72.56,71.2795,467036.5,339610.5,81,793,195.74,194.286,1078695,782385,106,1500
RicochetRobots/007-ricochetrobot-17-0.asp,900,900,2656422,2137203,67,0,900,900,2584232,1894515,157,0,900,900,2736124,1954656,153,0,900,900,2420306,1801203,158,0,900,900,2659413,1955875,146,0,900,900,2206440,1651305,152,0,900,900,2598714,1906796,160,0,900,900,2523129,1873449,146,0,900,900,2626507,1914405,134,0,900,900,2397843,1781992,133,0,900,900,2540294,1864167,156,0,900,900,2453097,1834665,142,0,900,900,2666803,1952345,138,0,900,900,2206440,1651305,133,0,900,900,2562263,1883982,149,0,900,900,2736124,1955875,160,0
RicochetRobots/018-ricochetrobot-14-0.asp,682.42,682.346,1988760,1586588,67,0,70.96,70.24,306424,190093,74,0,109.67,108.972,417068,272605,75,0,83.28,82.285,367045,236853,91,1000,79.82,78.915,314471,203499,94,1000,101.26,100.273,404530,264764,106,1332,238.46,237.327,892318,611873,123,1350,171.74,171.223,643643,433465,94,500,101.98,101.445,423682,274604,80,500,93.22,92.462,375689,244103,74,593,155.72,155.015,579735,383227,88,607,195.92,195.101,732843,506886,100,852,67.15,66.264,272774,170564,82,862,67.15,66.264,272774,170564,74,0,101.62,100.859,410799,268684.5,89.5,729.5,238.46,237.327,892318,611873,123,1350
RicochetRobots/025-ricochetrobot-14-0.asp,690.62,690.544,2259456,1824200,57,0,68.78,68.057,307030,191825,76,0,105.59,104.818,434676,276228,74,0,70.98,70.123,304767,194706,91,1000,127.35,126.457,496936,322548,96,1000,128.38,127.427,483218,322777,108,1316,100.63,99.607,390437,252220,100,1347,54.74,54.201,251743,156333,73,500,146.13,145.553,583523,382018,82,500,54.63,53.956,240261,150849,69,720,94.41,93.644,362384,231067,73,663,63.95,63.017,238235,154752,84,944,93.03,92.199,403388,258298,87,962,54.63,53.956,238235,150849,69,0,93.72,92.9215,376410.5,241643.5,83,832,146.13,145.553,583523,382018,108,1347
RicochetRobots/030-ricochetrobot-16-0.asp,900,900,2579258,2076941,68,0,900,900,2600523,1899197,139,0,900,900,2663328,1901882,164,0,900,900,2373911,1775011,148,0,900,900,2464824,1819657,154,0,900,900,2362597,1769410,163,0,900,900,2488132,1837291,158,0,900,900,2439819,1797319,146,0,900,900,2570912,1871079,143,0,900,900,2432404,1812147,142,0,900,900,2495769,1823958,134,0,900,900,2288028,1707925,140,0,900,900,2521614,1864199,137,0,900,900,2288028,1707925,134,0,900,900,2476478,1821807.5,144.5,0,900,900,2663328,1901882,164,0
RicochetRobots/038-ricochetrobot-13-0.asp,36.36,36.309,181421,132335,33,0,12.77,12.154,72612,35758,67,0,19.42,18.764,108412,56162,65,0,52.34,51.526,237178,147391,92,1000,31.37,30.529,156688,93128,95,1000,13.48,12.603,69146,36974,100,1188,21.06,20.069,103796,60773,105,1220,15.43,14.937,88743,46649,73,500,19.69,19.185,107319,61041,76,500,30.8,30.117,157861,90607,62,558,22.28,21.605,125304,68262,62,550,27.8,27.121,145865,83984,72,859,21.77,21.052,115951,63008,75,846,12.77,12.154,69146,35758,62,0,21.415,20.5605,112181.5,62024.5,74,702,52.34,51.526,237178,147391,105,1220
RicochetRobots/040-ricochetrobot-14-0.asp,375.47,375.402,1351369,1082164,48,0,131.3,130.686,558139,365507,89,0,67.31,66.624,329317,200894,73,0,86.36,85.512,360308,231245,92,1000,51.62,50.795,228759,140845,94,1000,82.77,81.802,334177,216539,106,1368,53.42,52.39,233413,144814,110,1370,160.72,160.205,588440,394725,93,500,47.08,46.526,218335,132982,75,500,124.7,124.025,489904,324464,82,619,239.66,238.945,892321,613161,95,593,74.92,74.177,337078,213810,83,925,111.69,110.937,467470,303555,83,837,47.08,46.526,218335,132982,73,0,84.565,83.657,348693,223892,90.5,728,239.66,238.945,892321,613161,110,1370
RicochetRobots/046-ricochetrobot-13-0.asp,53.91,53.851,246282,181832,35,0,25.33,24.661,123172,70539,67,0,24.1,23.383,107737,64495,73,0,31.13,30.144,120869,76467,88,1000,23.24,22.375,108926,64598,96,1000,30.78,29.835,118381,75422,99,1254,22.52,21.53,100403,60955,107,1294,29.72,29.116,116530,74604,68,500,21.66,21.14,100486,59789,75,500,22.39,21.694,94858,57806,68,526,23.4,22.706,105557,63171,63,523,20.82,19.983,90408,53808,68,736,24.09,23.301,117431,68674,80,799,20.82,19.983,90408,53808,63,0,23.745,23.0035,108331.5,64546.5,74,631,31.13,30.144,123172,76467,107,1294
RicochetRobots/059-ricochetrobot-15-0.asp,900,900,2793337,2248247,62,0,53.17,52.384,247840,150541,72,0,69.26,68.617,321116,194184,73,0,45.05,44.225,198082,122802,90,1000,71.44,70.616,307281,191894,90,1000,35.08,34.23,149847,95049,97,1208,67.03,66.124,286007,179846,97,1217,74.93,74.434,319391,204489,77,500,85.38,84.896,376455,236658,80,500,74.5,73.841,308174,196478,70,527,76.78,76.099,332493,210026,72,499,42.99,42.227,184815,114485,82,906,95.77,95.069,415898,263205,90,824,35.08,34.23,149847,95049,70,0,70.35,69.6165,307727.5,193039,81,675.5,95.77,95.069,415898,263205,97,1217
RicochetRobots/060-ricochetrobot-14-0.asp,298.62,298.555,1067830,850990,49,0,42.02,41.348,193605,114601,79,0,99.66,98.927,462936,291803,83,0,34.48,33.654,150676,92170,90,1000,69.01,68.1,302222,187064,92,1000,32.08,31.171,130256,81925,100,1263,53.48,52.51,236497,143959,102,1266,47.79,47.16,219031,133073,74,500,38.69,38.101,171533,102882,73,500,27.95,27.265,120865,73203,61,583,33.85,33.162,166332,96724,63,578,39.32,38.433,179030,109023,76,877,34.54,33.748,145355,90277,81,914,27.95,27.265,120865,73203,61,0,39.005,38.267,175281.5,105952.5,80,730,99.66,98.927,462936,291803,102,1266
RicochetRobots/061-ricochetrobot-14-0.asp,375.38,375.308,1315399,1050582,50,0,59.98,59.287,294185,179476,74,0,106.56,105.88,486513,304912,76,0,42.69,41.827,187901,115213,86,1000,56.67,55.711,222532,143415,90,1000,68.1,67.151,275716,177241,98,1298,52.86,51.934,206862,133547,98,1195,81.53,81.01,347871,223897,83,500,75.95,75.426,316235,202172,74,500,44.54,43.846,182592,114651,65,541,92.45,91.772,395625,256282,67,522,41.88,41.003,185907,116067,74,847,36.62,35.851,161957,104386,81,904,36.62,35.851,161957,104386,65,0,58.325,57.499,249124,160328,78.5,694,106.56,105.88,486513,304912,98,1298
RicochetRobots/062-ricochetrobot-25-0.asp,900,900,2816534,2275690,64,0,900,900,2550784,1874801,158,0,900,900,2624005,1881489,188,0,900,900,2295908,1715622,145,0,900,900,2600372,1928592,145,0,900,900,2499252,1888900,164,0,900,900,2405559,1776865,151,0,900,900,2442388,1833939,138,0,900,900,2717548,1973562,143,0,900,900,2427576,1815183,144,0,900,900,2682004,1938137,127,0,900,900,2459062,1843280,145,0,900,900,2395811,1747576,138,0,900,900,2295908,1715622,127,0,900,900,2479157,1859040.5,145,0,900,900,2717548,1973562,188,0
RicochetRobots/074-ricochetrobot-18-0.asp,900,900,2875556,2340367,60,0,900,900,2666065,1955752,149,0,900,900,2786664,1995960,141,0,900,900,2433134,1821166,156,0,900,900,2618642,1906143,153,0,900,900,2489016,1871569,162,0,900,900,2674959,1962392,163,0,900,900,2595440,1922995,152,0,900,900,2750927,1985353,154,0,900,900,2563726,1921285,135,0,900,900,2754765,2020496,142,0,900,900,2570232,1924024,146,0,900,900,2654519,1956306,148,0,900,900,2433134,1821166,135,0,900,900,2636580.5,1939888,150.5,0,900,900,2786664,2020496,163,0
RicochetRobots/078-ricochetrobot-17-0.asp,900,900,2749617,2242227,68,0,900,900,2576692,1882722,161,0,900,900,2779761,2002200,147,0,900,900,2277370,1695670,167,0,900,900,2664503,1957579,149,0,900,900,2522677,1894997,152,0,900,900,2422353,1782522,150,0,900,900,2467715,1828629,146,0,900,900,2732064,1987791,138,0,900,900,2507591,1868298,137,0,900,900,2703662,1982556,127,0,900,900,2306971,1728722,146,0,900,900,2656656,1956878,148,0,900,900,2277370,1695670,127,0,900,900,2549684.5,1888859.5,147.5,0,900,900,2779761,2002200,167,0
RicochetRobots/084-ricochetrobot-15-0.asp,900,900,2737725,2192653,69,0,188.72,188.107,708777,473987,89,0,202.46,201.794,839965,546532,99,0,244.77,243.954,834998,583581,111,1000,121.47,120.642,517174,333417,100,1000,179.81,178.963,652190,443825,110,1183,48.91,47.923,224958,136407,105,1214,199.14,198.533,681888,459920,96,500,509.42,508.923,1721300,1209235,118,500,167.45,166.779,615163,414757,80,484,69.28,68.619,299835,181524,69,564,259.62,258.788,900151,629611,105,800,132.4,131.691,544975,354352,91,767,48.91,47.923,224958,136407,69,0,184.265,183.535,667039,451872.5,99.5,665.5,509.42,508.923,1721300,1209235,118,1214
RicochetRobots/097-ricochetrobot-17-0.asp,900,900,2852718,2285882,66,0,900,900,2535655,1838340,166,0,900,900,2537741,1810675,163,0,900,900,2377099,1766985,154,0,900,900,2557336,1852321,159,0,900,900,2359965,1768502,164,0,900,900,2527786,1850198,163,0,900,900,2347166,1735196,152,0,900,900,2472140,1781159,149,0,900,900,2387160,1759024,138,0,900,900,2541959,1853270,139,0,900,900,2292977,1705236,156,0,900,900,2487990,1813166,139,0,900,900,2292977,1705236,138,0,900,900,2480065,1795917,155,0,900,900,2557336,1853270,166,0
RicochetRobots/105-ricochetrobot-19-0.asp,900,900,2787343,2253552,63,0,900,900,2662901,1933464,151,0,900,900,2780731,1974477,150,0,900,900,2455940,1833179,154,0,900,900,2666965,1953198,146,0,900,900,2236135,1658640,155,0,900,900,2371117,1731311,144,0,900,900,2506184,1850995,136,0,900,900,2665626,1929230,139,0,900,900,2486508,1838112,152,0,900,900,2717462,1993640,137,0,900,900,2294319,1719774,150,0,900,900,2704697,1992773,153,0,900,900,2236135,1658640,136,0,900,900,2584542.5,1890112.5,150,0,900,900,2780731,1993640,155,0
RicochetRobots/120-ricochetrobot-22-0.asp,900,900,3037720,2493859,59,0,900,900,2662859,1953421,172,0,900,900,2776172,1994185,149,0,900,900,2514000,1890501,150,0,900,900,2417354,1767813,146,0,900,900,2245496,1675627,150,0,900,900,2465342,1813169,154,0,900,900,2542449,1880912,158,0,900,900,2776585,2013126,138,0,900,900,2478206,1839102,142,0,900,900,2699931,1981829,131,0,900,900,2465172,1857564,150,0,900,900,2692915,1989656,150,0,900,900,2245496,1675627,131,0,900,900,2528224.5,1885706.5,150,0,900,900,2776585,2013126,172,0
RicochetRobots/188-ricochetrobot-18-0.asp,900,900,2689368,2201453,63,0,900,900,2620960,1930767,176,0,900,900,2813678,2022816,149,0,900,900,2383180,1777186,147,0,900,900,2609531,1917890,158,0,900,900,2501286,1867756,167,0,900,900,2533987,1861533,154,0,900,900,2523589,1885222,162,0,900,900,2668733,1938220,136,0,900,900,2535757,1902581,133,0,900,900,2564831,1881920,135,0,900,900,2465086,1846682,156,0,900,900,2519597,1846546,145,0,900,900,2383180,1777186,133,0,900,900,2534872,1883571,151.5,0,900,900,2813678,2022816,176,0
RicochetRobots/214-ricochetrobot-22-0.asp,900,900,2845746,2310607,59,0,900,900,2571129,1868702,169,0,900,900,2819358,2000824,156,0,900,900,2418829,1809712,154,0,900,900,2633446,1935811,148,0,900,900,2474184,1843578,157,0,900,900,2632455,1928265,154,0,900,900,2505141,1874238,172,0,900,900,2603078,1896001,142,0,900,900,2500520,1855629,147,0,900,900,2701602,1978503,147,0,900,900,2513210,1871360,143,0,900,900,2572518,1870235,147,0,900,900,2418829,1809712,142,0,900,900,2571823.5,1872799,151,0,900,900,2819358,2000824,172,0
RicochetRobots/230-ricochetrobot-17-0.asp,900,900,2770653,2242084,65,0,900,900,2465956,1816143,158,0,900,900,2570839,1848049,161,0,900,900,2382416,1794391,154,0,900,900,2587303,1909141,133,0,900,900,2348785,1777419,170,0,900,900,2413656,1792697,155,0,900,900,2225838,1662189,156,0,900,900,2595858,1903237,145,0,900,900,2421953,1832716,133,0,900,900,2510522,1839458,129,0,900,900,2387268,1795918,145,0,900,900,2563049,1907912,133,0,900,900,2225838,1662189,129,0,900,900,2443954.5,1824429.5,149.5,0,900,900,2595858,1909141,170,0
Sokoban/0065-sokoban-120-1.asp,900,900,,,,,900,900,,,0,0,900,900,,,0,0,900,900,,,0,0,900,900,,,0,0,900,900,,,0,0,900,900,,,0,0,900,900,,,0,0,900,900,,,0,0,900,900,,,0,0,900,900,,,0,0,900,900,,,0,0,900,900,,,0,0,900,900,0,0,0,0,900,900,#VALUE!,#VALUE!,0,0,900,900,0,0,0,0
Sokoban/0096-sokoban-36-1.asp,900,900,,,,,900,900,,,0,0,900,900,,,0,0,900,900,,,0,0,900,900,,,0,0,900,900,,,0,0,900,900,,,4,0,900,900,,,0,0,900,900,,,0,0,900,900,,,0,0,900,900,,,0,0,900,900,,,0,0,900,900,,,0,0,900,900,0,0,0,0,900,900,#VALUE!,#VALUE!,0,0,900,900,0,0,4,0
Sokoban/0103-sokoban-110-1.asp,900,900,,,,,900,900,,,0,0,900,900,,,0,0,900,900,,,0,0,900,900,,,0,0,900,900,,,0,0,900,900,,,0,0,900,900,,,0,0,900,900,,,0,0,900,900,,,0,0,900,900,,,0,0,900,900,,,0,0,900,900,,,0,0,900,900,0,0,0,0,900,900,#VALUE!,#VALUE!,0,0,900,900,0,0,0,0
Sokoban/0119-sokoban-42-1.asp,900,900,,,,,900,900,,,0,0,900,900,,,0,0,900,900,,,0,0,900,900,,,0,0,900,900,,,0,0,900,900,,,0,0,900,900,,,0,0,900,900,,,0,0,900,900,,,0,0,900,900,,,0,0,900,900,,,0,0,900,900,,,0,0,900,900,0,0,0,0,900,900,#VALUE!,#VALUE!,0,0,900,900,0,0,0,0
Sokoban/0128-sokoban-131-1.asp,900,900,,,,,900,900,,,0,0,900,900,,,0,0,900,900,,,0,0,900,900,,,0,0,900,900,,,0,0,900,900,,,0,0,900,900,,,0,0,900,900,,,0,0,900,900,,,0,0,900,900,,,0,0,900,900,,,0,0,900,900,,,0,0,900,900,0,0,0,0,900,900,#VALUE!,#VALUE!,0,0,900,900,0,0,0,0
Sokoban/0140-sokoban-60-1.asp,900,900,,,,,900,900,,,0,0,900,900,,,0,0,900,900,,,0,0,900,900,,,0,0,900,900,,,4,0,900,900,,,0,0,900,900,,,0,0,900,900,,,0,0,900,900,,,0,0,900,900,,,0,0,900,900,,,0,0,900,900,,,0,0,900,900,0,0,0,0,900,900,#VALUE!,#VALUE!,0,0,900,900,0,0,4,0
Sokoban/0162-sokoban-31-1.asp,900,900,,,,,900,900,,,0,0,900,900,,,0,0,900,900,,,0,0,900,900,,,0,0,900,900,,,0,0,900,900,,,0,0,900,900,,,0,0,900,900,,,0,0,900,900,,,0,0,900,900,,,0,0,900,900,,,0,0,900,900,,,4,0,900,900,0,0,0,0,900,900,#VALUE!,#VALUE!,0,0,900,900,0,0,4,0
Sokoban/0207-sokoban-31-1.asp,900,900,,,,,900,900,,,0,0,900,900,,,0,0,900,900,,,0,0,900,900,,,0,0,900,900,,,0,0,900,900,,,0,0,900,900,,,0,0,900,900,,,0,0,900,900,,,0,0,900,900,,,0,0,900,900,,,0,0,900,900,,,0,0,900,900,0,0,0,0,900,900,#VALUE!,#VALUE!,0,0,900,900,0,0,0,0
Sokoban/0272-sokoban-135-1.asp,900,900,,,,,900,900,,,0,0,900,900,,,0,0,900,900,,,0,0,900,900,,,0,0,900,900,,,4,0,900,900,,,0,0,900,900,,,0,0,900,900,,,0,0,900,900,,,0,0,900,900,,,0,0,900,900,,,0,0,900,900,,,0,0,900,900,0,0,0,0,900,900,#VALUE!,#VALUE!,0,0,900,900,0,0,4,0
Sokoban/0395-sokoban-45-1.asp,900,900,,,,,900,900,,,0,0,900,900,,,0,0,900,900,,,0,0,900,900,,,0,0,900,900,,,0,0,900,900,,,0,0,900,900,,,0,0,900,900,,,0,0,900,900,,,0,0,900,900,,,0,0,900,900,,,0,0,900,900,,,0,0,900,900,0,0,0,0,900,900,#VALUE!,#VALUE!,0,0,900,900,0,0,0,0
Sokoban/0418-sokoban-36-1.asp,900,900,,,,,900,900,,,0,0,900,900,,,0,0,900,900,,,0,0,900,900,,,0,0,900,900,,,0,0,900,900,,,0,0,900,900,,,0,0,900,900,,,0,0,900,900,,,0,0,900,900,,,0,0,900,900,,,0,0,900,900,,,0,0,900,900,0,0,0,0,900,900,#VALUE!,#VALUE!,0,0,900,900,0,0,0,0
Sokoban/0428-sokoban-120-1.asp,900,900,,,,,900,900,,,0,0,900,900,,,0,0,900,900,,,0,0,900,900,,,0,0,900,900,,,0,0,900,900,,,0,0,900,900,,,0,0,900,900,,,4,0,900,900,,,0,0,900,900,,,0,0,900,900,,,0,0,900,900,,,0,0,900,900,0,0,0,0,900,900,#VALUE!,#VALUE!,0,0,900,900,0,0,4,0
Sokoban/0474-sokoban-56-1.asp,900,900,,,,,900,900,,,0,0,900,900,,,0,0,900,900,,,0,0,900,900,,,0,0,900,900,,,0,0,900,900,,,0,0,900,900,,,0,0,900,900,,,0,0,900,900,,,0,0,900,900,,,0,0,900,900,,,0,0,900,900,,,0,0,900,900,0,0,0,0,900,900,#VALUE!,#VALUE!,0,0,900,900,0,0,0,0
Sokoban/0516-sokoban-200-1.asp,900,900,,,,,900,900,,,0,0,900,900,,,0,0,900,900,,,0,0,900,900,,,0,0,900,900,,,4,0,900,900,,,0,0,900,900,,,0,0,900,900,,,0,0,900,900,,,0,0,900,900,,,0,0,900,900,,,0,0,900,900,,,0,0,900,900,0,0,0,0,900,900,#VALUE!,#VALUE!,0,0,900,900,0,0,4,0
Sokoban/0685-sokoban-105-1.asp,900,900,,,,,900,900,,,0,0,900,900,,,0,0,900,900,,,0,0,900,900,,,0,0,900,900,,,0,0,900,900,,,0,0,900,900,,,0,0,900,900,,,0,0,900,900,,,0,0,900,900,,,0,0,900,900,,,0,0,900,900,,,0,0,900,900,0,0,0,0,900,900,#VALUE!,#VALUE!,0,0,900,900,0,0,0,0
Sokoban/0760-sokoban-48-1.asp,900,900,,,,,900,900,,,0,0,900,900,,,0,0,900,900,,,0,0,900,900,,,0,0,900,900,,,0,0,900,900,,,0,0,900,900,,,0,0,900,900,,,0,0,900,900,,,0,0,900,900,,,0,0,900,900,,,0,0,900,900,,,0,0,900,900,0,0,0,0,900,900,#VALUE!,#VALUE!,0,0,900,900,0,0,0,0
Sokoban/0791-sokoban-270-1.asp,900,900,,,,,900,900,,,0,0,900,900,,,0,0,900,900,,,0,0,900,900,,,0,0,900,900,,,0,0,900,900,,,0,0,900,900,,,0,0,900,900,,,0,0,900,900,,,0,0,900,900,,,0,0,900,900,,,0,0,900,900,,,0,0,900,900,0,0,0,0,900,900,#VALUE!,#VALUE!,0,0,900,900,0,0,0,0
Sokoban/0809-sokoban-280-1.asp,900,900,,,,,900,900,,,0,0,900,900,,,0,0,900,900,,,0,0,900,900,,,0,0,900,900,,,0,0,900,900,,,0,0,900,900,,,0,0,900,900,,,0,0,900,900,,,0,0,900,900,,,0,0,900,900,,,4,0,900,900,,,0,0,900,900,0,0,0,0,900,900,#VALUE!,#VALUE!,0,0,900,900,0,0,4,0
Sokoban/0950-sokoban-87-1.asp,900,900,,,,,900,900,,,0,0,900,900,,,0,0,900,900,,,0,0,900,900,,,0,0,900,900,,,0,0,900,900,,,0,0,900,900,,,0,0,900,900,,,0,0,900,900,,,0,0,900,900,,,0,0,900,900,,,0,0,900,900,,,0,0,900,900,0,0,0,0,900,900,#VALUE!,#VALUE!,0,0,900,900,0,0,0,0
Sokoban/0984-sokoban-165-1.asp,900,900,,,,,900,900,,,0,0,900,900,,,0,0,900,900,,,0,0,900,900,,,0,0,900,900,,,0,0,900,900,,,0,0,900,900,,,0,0,900,900,,,0,0,900,900,,,0,0,900,900,,,0,0,900,900,,,0,0,900,900,,,0,0,900,900,0,0,0,0,900,900,#VALUE!,#VALUE!,0,0,900,900,0,0,0,0
Visit-all/0009-visitall-36-1.asp,900,900,3848663,3270378,72,0,189.57,188.535,1246373,911261,69,0,226.12,224.895,1566223,1182560,77,0,900,900,58,50,1306,0,900,900,62,53,1309,0,900,900,58,50,1299,0,900,900,62,53,1312,0,900,900,58,50,1289,0,900,900,62,53,1253,0,900,900,58,50,1304,0,900,900,62,53,1321,0,900,900,58,50,1284,0,900,900,62,53,1318,0,189.57,188.535,58,50,69,0,900,900,62,53,1301.5,0,900,900,1566223,1182560,1321,0
Visit-all/0012-visitall-36-1.asp,900,900,3818340,3270674,64,0,900,900,4568856,3552390,97,0,900,900,4320283,3349734,95,0,900,900,92,82,1295,0,900,900,106,93,1266,0,900,900,92,82,1324,0,900,900,106,93,1268,0,900,900,92,82,1305,0,900,900,106,93,1361,0,900,900,92,82,1304,0,900,900,106,93,1317,0,900,900,92,82,1303,0,900,900,106,93,1327,0,900,900,92,82,95,0,900,900,106,93,1303.5,0,900,900,4568856,3552390,1361,0
Visit-all/0019-visitall-67-1.asp,900,900,3854028,3329764,67,0,900,900,4936743,3879470,121,0,900,900,4298352,3252246,113,0,900,900,59,57,1940,0,900,900,74,68,1938,0,900,900,59,57,1936,0,900,900,74,68,1953,0,900,900,59,57,1948,0,900,900,74,68,1987,0,900,900,59,57,1980,0,900,900,74,68,2007,0,900,900,59,57,1993,0,900,900,74,68,2016,0,900,900,59,57,113,0,900,900,74,68,1950.5,0,900,900,4936743,3879470,2016,0
Visit-all/0020-visitall-67-1.asp,900,900,3821694,3254957,71,0,900,900,3674579,2893531,121,0,900,900,3899322,3023404,111,0,900,900,70,67,1933,0,900,900,65,55,1941,0,900,900,70,67,1934,0,900,900,65,55,1958,0,900,900,70,67,1934,0,900,900,65,55,1982,0,900,900,70,67,1954,0,900,900,65,55,1973,0,900,900,70,67,1930,0,900,900,65,55,1937,0,900,900,65,55,111,0,900,900,70,67,1935.5,0,900,900,3899322,3023404,1982,0
Visit-all/0029-visitall-39-1.asp,900,900,3938266,3346021,69,0,167.3,165.99,1208720,907041,79,0,246.82,245.421,1559225,1154885,84,0,900,900,57,48,1287,0,900,900,69,59,1320,0,900,900,57,48,1283,0,900,900,69,59,1322,0,900,900,57,48,1307,0,900,900,69,59,1324,0,900,900,57,48,1299,0,900,900,69,59,1310,0,900,900,57,48,1282,0,900,900,69,59,1252,0,167.3,165.99,57,48,79,0,900,900,69,59,1293,0,900,900,1559225,1154885,1324,0
Visit-all/0030-visitall-39-1.asp,900,900,3667283,3123879,72,0,171.12,169.527,1149957,851319,81,0,181.18,179.859,1253986,929543,72,0,900,900,75,61,1290,0,900,900,78,68,1311,0,900,900,75,61,1286,0,900,900,78,68,1317,0,900,900,75,61,1302,0,900,900,78,68,1313,0,900,900,75,61,1308,0,900,900,78,68,1315,0,900,900,75,61,1290,0,900,900,78,68,1322,0,171.12,169.527,75,61,72,0,900,900,78,68,1305,0,900,900,1253986,929543,1322,0
Visit-all/0031-visitall-39-1.asp,900,900,3560085,3016313,74,0,141.03,140.057,1085460,788574,68,0,163.01,161.667,1179527,880752,79,0,900,900,95,84,1328,0,900,900,100,86,1280,0,900,900,95,84,1313,0,900,900,100,86,1339,0,900,900,95,84,1305,0,900,900,100,86,1324,0,900,900,95,84,1265,0,900,900,100,86,1336,0,900,900,95,84,1310,0,900,900,100,86,1278,0,141.03,140.057,95,84,68,0,900,900,100,86,1307.5,0,900,900,1179527,880752,1339,0
Visit-all/0037-visitall-73-1.asp,900,900,3605913,2967429,97,0,900,900,3509598,2750193,111,0,900,900,4115913,3160599,111,0,900,900,81,71,1985,0,900,900,77,71,1960,0,900,900,81,71,1998,0,900,900,77,71,1961,0,900,900,81,71,1944,0,900,900,77,71,1960,0,900,900,81,71,1960,0,900,900,77,71,1951,0,900,900,81,71,1935,0,900,900,77,71,1952,0,900,900,77,71,111,0,900,900,81,71,1956,0,900,900,4115913,3160599,1998,0
Visit-all/0040-visitall-73-1.asp,900,900,3726249,3149675,75,0,900,900,3147512,2425212,113,0,900,900,3534259,2727000,114,0,900,900,80,71,1958,0,900,900,67,56,1967,0,900,900,80,71,1998,0,900,900,67,56,1986,0,900,900,80,71,1964,0,900,900,67,56,1970,0,900,900,80,71,1964,0,900,900,67,56,1985,0,900,900,80,71,1967,0,900,900,67,56,1986,0,900,900,67,56,113,0,900,900,80,71,1967,0,900,900,3534259,2727000,1998,0
Visit-all/0057-visitall-79-1.asp,900,900,3615165,3056972,79,0,900,900,3962234,3043659,113,0,900,900,3711521,2844912,123,0,900,900,78,71,1947,0,900,900,76,68,1977,0,900,900,78,71,1962,0,900,900,76,68,1986,0,900,900,78,71,1990,0,900,900,76,68,1975,0,900,900,78,71,1989,0,900,900,76,68,1962,0,900,900,78,71,1988,0,900,900,76,68,1962,0,900,900,76,68,113,0,900,900,78,71,1968.5,0,900,900,3962234,3043659,1990,0
Visit-all/0059-visitall-79-1.asp,900,900,3888424,3308904,68,0,900,900,3286536,2556990,121,0,900,900,3965786,3159149,110,0,900,900,63,56,1957,0,900,900,74,64,1954,0,900,900,63,56,1956,0,900,900,74,64,1972,0,900,900,63,56,1948,0,900,900,74,64,1963,0,900,900,63,56,1976,0,900,900,74,64,1980,0,900,900,63,56,1958,0,900,900,74,64,2012,0,900,900,63,56,110,0,900,900,74,64,1957.5,0,900,900,3965786,3159149,2012,0
Visit-all/0060-visitall-79-1.asp,900,900,3309864,2733718,94,0,900,900,3590930,2805780,120,0,900,900,4057107,3118746,118,0,900,900,81,71,1959,0,900,900,77,71,1991,0,900,900,81,71,1946,0,900,900,77,71,1957,0,900,900,81,71,1954,0,900,900,77,71,1949,0,900,900,81,71,1952,0,900,900,77,71,1983,0,900,900,81,71,1977,0,900,900,77,71,1951,0,900,900,77,71,118,0,900,900,81,71,1953,0,900,900,4057107,3118746,1991,0
Visit-all/0070-visitall-49-1.asp,900,900,3705846,3148261,70,0,263.95,262.897,1615996,1192812,74,0,178.07,176.857,1231934,911674,71,0,900,900,74,69,1295,0,900,900,57,52,1309,0,900,900,74,69,1340,0,900,900,57,52,1314,0,900,900,74,69,1283,0,900,900,57,52,1307,0,900,900,74,69,1277,0,900,900,57,52,1294,0,900,900,74,69,1291,0,900,900,57,52,1323,0,178.07,176.857,57,52,71,0,900,900,74,69,1294.5,0,900,900,1615996,1192812,1340,0
Visit-all/0071-visitall-49-1.asp,900,900,3602533,3009178,74,0,835.63,834.42,3742550,2794593,101,0,628.43,627.197,3109485,2298277,96,0,900,900,64,60,1345,0,900,900,67,62,1331,0,900,900,64,60,1305,0,900,900,67,62,1302,0,900,900,64,60,1303,0,900,900,67,62,1322,0,900,900,64,60,1313,0,900,900,67,62,1318,0,900,900,64,60,1305,0,900,900,67,62,1268,0,628.43,627.197,64,60,96,0,900,900,67,62,1305,0,900,900,3742550,2794593,1345,0
Visit-all/0077-visitall-91-1.asp,900,900,3521233,2949309,88,0,900,900,3656638,2851819,111,0,900,900,4295768,3307991,119,0,900,900,1106,879,1965,0,900,900,93,75,1995,0,900,900,1106,879,1995,0,900,900,93,75,1974,0,900,900,1106,879,1986,0,900,900,93,75,1949,0,900,900,1509,1191,2027,0,900,900,93,75,1925,0,900,900,1106,879,1947,0,900,900,93,75,1931,0,900,900,93,75,111,0,900,900,1106,879,1957,0,900,900,4295768,3307991,2027,0
Visit-all/0078-visitall-91-1.asp,900,900,3558956,3030687,84,0,900,900,5078108,4150301,102,0,900,900,4849609,3862732,100,0,900,900,93,84,1949,0,900,900,85,76,1966,0,900,900,93,84,1978,0,900,900,85,76,1939,0,900,900,93,84,1985,0,900,900,85,76,1976,0,900,900,93,84,2013,0,900,900,85,76,1959,0,900,900,93,84,1981,0,900,900,85,76,1985,0,900,900,85,76,100,0,900,900,93,84,1971,0,900,900,5078108,4150301,2013,0
Visit-all/0080-visitall-91-1.asp,900,900,3173472,2684717,94,0,900,900,3621162,2814234,118,0,900,900,3732054,2899746,114,0,900,900,83,75,1957,0,900,900,64,62,2012,0,900,900,83,75,1955,0,900,900,64,62,1961,0,900,900,83,75,1971,0,900,900,64,62,1965,0,900,900,83,75,1963,0,900,900,64,62,1964,0,900,900,83,75,1949,0,900,900,64,62,1954,0,900,900,64,62,114,0,900,900,83,75,1959,0,900,900,3732054,2899746,2012,0
Visit-all/0089-visitall-66-1.asp,791.93,791.858,3289473,2769314,68,0,100.3,99.207,829986,602827,67,0,180.36,179.017,1408421,1051881,82,0,900,900,70,64,1256,0,900,900,97,80,1327,0,900,900,70,64,1318,0,900,900,97,80,1327,0,900,900,70,64,1306,0,900,900,97,80,1270,0,900,900,70,64,1304,0,900,900,97,80,1319,0,900,900,70,64,1255,0,900,900,97,80,1319,0,100.3,99.207,70,64,67,0,900,900,97,80,1305,0,900,900,1408421,1051881,1327,0
Visit-all/0099-visitall-122-1.asp,900,900,3698474,3177206,75,0,900,900,3348814,2591451,120,0,900,900,4239871,3302188,118,0,900,900,68,65,1949,0,900,900,98,90,1963,0,900,900,68,65,1955,0,900,900,98,90,2025,0,900,900,68,65,2010,0,900,900,98,90,1958,0,900,900,68,65,1937,0,900,900,98,90,1964,0,900,900,68,65,1949,0,900,900,98,90,1988,0,900,900,68,65,118,0,900,900,98,90,1956.5,0,900,900,4239871,3302188,2025,0
Visit-all/0100-visitall-122-1.asp,900,900,3287306,2728130,98,0,900,900,3368472,2606579,132,0,900,900,3767178,2895138,115,0,900,900,83,71,1948,0,900,900,79,72,1959,0,900,900,83,71,1984,0,900,900,79,72,1980,0,900,900,83,71,1954,0,900,900,79,72,1959,0,900,900,83,71,1961,0,900,900,79,72,1951,0,900,900,83,71,2084,0,900,900,79,72,1953,0,900,900,79,71,115,0,900,900,83,72,1956.5,0,900,900,3767178,2895138,2084,0
,,,,,,,,,,,,,,,,,,,,,,,,,,,,,,,,,,,,,,,,,,,,,,,,,,,,,,,,,,,,,,,,,,,,,,,,,,,,,,,,,,,,,,,,,,,,,,,,
SUM,,,,,,,74401.69,74368.516,441854995,187789987,14187,0,76071.67,76037.396,470153380,196803796,14027,0,78847.02,78813.723,357426106,130596778,46210,31138,79219.28,79187.833,380953564,135026329,46532,30330,78800.39,78767.335,361696750,129711058,46845,37745,80104.75,80072.942,397379503,137146574,46944,35721,78735.66,78716.09,365887061,133236358,45829,16000,80610.38,80593.103,397373331,145252411,46009,14500,78817.48,78789.274,357941117,131892225,45068,13494,80158.26,80129.888,390263410,144144873,45307,14048,77896.53,77860.18,361407136,129859933,45738,28601,79407.38,79376.666,383534707,134941234,45727,25155,70949.62,70909.48,320880673,111229749,12296,0,79280.835,79250.8995,#VALUE!,#VALUE!,45769,20495,83213.34,83192.056,518700287,215812956,48898,42772
AVG,,,,,,,620.014083333333,619.737633333333,4418549.95,1877899.87,118.225,0,633.930583333333,633.644966666667,4701533.8,1968037.96,116.891666666667,0,657.0585,656.781025,3574261.06,1305967.78,385.083333333333,259.483333333333,660.160666666667,659.898608333333,3809535.64,1350263.29,387.766666666667,252.75,656.669916666667,656.394458333334,3616967.5,1297110.58,390.375,314.541666666667,667.539583333333,667.274516666667,3973795.03,1371465.74,391.2,297.675,656.1305,655.967416666667,3658870.61,1332363.58,381.908333333333,133.333333333333,671.753166666667,671.609191666667,3973733.31,1452524.11,383.408333333333,120.833333333333,656.812333333333,656.577283333333,3579411.17,1318922.25,375.566666666667,112.45,667.9855,667.749066666667,3902634.1,1441448.73,377.558333333333,117.066666666667,649.13775,648.834833333333,3614071.36,1298599.33,381.15,238.341666666667,661.728166666667,661.472216666667,3835347.07,1349412.34,381.058333333333,209.625,591.246833333334,590.912333333333,2674005.60833333,926914.575,102.466666666667,0,660.673625,660.4241625,#VALUE!,#VALUE!,381.408333333333,170.791666666667,693.4445,693.267133333333,4322502.39166667,1798441.3,407.483333333333,356.433333333333
DEV,,,,,,,384.483195396118,384.811430565693,4712644.46186868,2083093.43406686,102.761980225334,0,374.188968892501,374.52049524075,4952559.66804382,2059194.3156496,100.174033086234,0,375.350934877878,375.720766710627,4820428.53582677,1929527.33312652,609.363651873075,434.378895585377,374.385919664788,374.755206453903,5181496.83028563,1950080.83924221,613.626850361516,431.169861632086,375.65132235991,376.042154342595,4774774.12481511,1878979.21258439,612.075859835427,556.384032415212,373.919273605647,374.310563542174,5227962.03602547,1987941.64552112,613.464313440926,548.956966100488,371.210191153953,371.437064993476,4819552.378368,1957392.50983051,614.958890418508,222.035402330248,368.905423417524,369.118722575023,5237795.84636608,2083140.11604389,615.698708046099,214.944133188502,376.694562302748,377.020034247857,4832580.56924097,1982571.22178234,619.004483134053,209.109189040503,369.498105993144,369.811919341491,5138238.65410958,2073791.92606865,619.008801010366,215.93458133742,381.804083935755,382.194036665907,4847472.9174827,1994920.21385687,615.377272406902,397.498237316177,374.527725614211,374.902042877717,5176809.66828965,1937390.42151386,615.554997178823,376.570840200188,400.724599918452,401.112747521577,4412101.09897088,1632401.46077898,91.240188452214,0,372.039615365414,372.367410459712,#VALUE!,#VALUE!,612.209039048753,298.815354184417,347.366269132223,347.639138403723,5023032.09997732,2137305.33030648,623.734833544697,584.475427139561
DST,,,,,,,1074.05044932722,1075.6689890101,#NUM!,#NUM!,287.508260750887,0,1407.13507883927,1408.58672914024,#NUM!,#NUM!,289.970688173822,0,2092.89711166125,2095.77858052729,#NUM!,#NUM!,7262.73984113434,5525.69543134618,2124.10336721168,2127.32543498615,#NUM!,#NUM!,7317.94014733654,5457.92029989446,2074.8536725032,2078.05952950078,#NUM!,#NUM!,7314.59205971188,6979.28327265773,2273.00255866552,2276.39556243593,#NUM!,#NUM!,7334.49466561944,6818.6761911679,1999.19815351055,2002.84163781763,#NUM!,#NUM!,7298.59705696924,2828.42712474619,2380.87839471066,2384.90298833747,#NUM!,#NUM!,7313.63541612514,2692.58240356725,2105.26104367131,2108.51947280456,#NUM!,#NUM!,7313.08402795975,2592.46446455877,2292.30379003307,2295.40115928959,#NUM!,#NUM!,7322.11738501917,2682.02423553554,1971.73817767471,1974.41229631858,#NUM!,#NUM!,7302.55133497876,5061.55973984305,2214.31275284229,2217.74759497018,#NUM!,#NUM!,7308.11336803145,4706.16436177063,,,,,,,,,,,,,,,,,,
BEST,,,,,,,82,82,8,5,33,120,77,77,4,7,42,120,78,77,28,31,23,88,76,76,14,14,24,89,76,75,25,27,21,89,76,76,17,17,23,91,76,76,18,20,31,88,77,76,16,15,24,91,78,77,21,25,50,89,76,77,16,16,48,89,78,79,27,27,27,87,76,75,16,16,25,90,,,,,,,,,,,,,,,,,,
BETTER,,,,,,,27,27,#VALUE!,#VALUE!,58,31,20,20,#VALUE!,#VALUE!,63,31,19,19,#VALUE!,#VALUE!,27,0,20,20,#VALUE!,#VALUE!,27,1,21,21,#VALUE!,#VALUE!,22,1,15,16,#VALUE!,#VALUE!,17,2,19,19,#VALUE!,#VALUE!,62,26,19,19,#VALUE!,#VALUE!,55,27,24,23,#VALUE!,#VALUE!,71,29,18,17,#VALUE!,#VALUE!,69,30,27,28,#VALUE!,#VALUE!,53,2,17,17,#VALUE!,#VALUE!,47,5,,,,,,,,,,,,,,,,,,
WORSE,,,,,,,18,18,#VALUE!,#VALUE!,36,0,25,25,#VALUE!,#VALUE!,31,0,20,20,#VALUE!,#VALUE!,67,32,19,19,#VALUE!,#VALUE!,69,31,18,18,#VALUE!,#VALUE!,75,31,23,22,#VALUE!,#VALUE!,82,29,19,19,#VALUE!,#VALUE!,34,5,19,19,#VALUE!,#VALUE!,42,3,14,15,#VALUE!,#VALUE!,27,3,20,21,#VALUE!,#VALUE!,28,2,12,11,#VALUE!,#VALUE!,39,31,21,21,#VALUE!,#VALUE!,48,27,,,,,,,,,,,,,,,,,,
WORST,,,,,,,78,78,18,19,25,86,81,81,39,32,20,86,85,85,6,9,24,92,86,86,9,9,26,92,85,85,4,6,40,98,88,88,7,7,39,106,85,85,5,5,19,86,89,89,16,14,24,86,84,83,2,3,20,86,86,86,11,14,16,86,83,84,4,3,17,88,86,86,9,9,23,86,,,,,,,,,,,,,,,,,,
